﻿_id,recvTime,fiwareServicePath,entityType,entityId,LAeq,LAeq_d,LAeq_den,LAeq_e,LAeq_n,dateObserved
1,2020-11-18T13:40:52.283Z,/sonometros,NoiseLevelObserved,T248677-daily,60.3,62.1,62.2,59.5,51.7,2020-11-17
2,2020-11-19T00:00:10.850Z,/sonometros,NoiseLevelObserved,T248677-daily,61.7,63.4,63.6,62.1,52.6,2020-11-18
3,2020-11-20T00:00:21.54Z,/sonometros,NoiseLevelObserved,T248677-daily,60.6,62.1,63.1,61.0,53.7,2020-11-19
4,2020-11-21T00:00:23.100Z,/sonometros,NoiseLevelObserved,T248677-daily,63.5,63.0,67.5,70.3,56.9,2020-11-20
5,2020-11-22T00:00:25.20Z,/sonometros,NoiseLevelObserved,T248677-daily,65.1,66.0,68.1,69.8,56.7,2020-11-21
6,2020-11-23T00:00:27.208Z,/sonometros,NoiseLevelObserved,T248677-daily,59.9,61.7,62.2,58.9,52.6,2020-11-22
7,2020-11-24T00:00:29.922Z,/sonometros,NoiseLevelObserved,T248677-daily,59.9,61.7,62.0,58.3,52.2,2020-11-23
8,2020-11-25T00:01:32.176Z,/sonometros,NoiseLevelObserved,T248677-daily,62.8,64.9,64.1,59.2,52.0,2020-11-24
9,2020-11-26T00:00:33.499Z,/sonometros,NoiseLevelObserved,T248677-daily,61.3,63.1,63.2,60.9,52.3,2020-11-25
10,2020-09-18 12:40:17.154,/sonometros,NoiseLevelObserved,T248677-daily,61,61.8,64.8,64.8,56.1,2020-09-17
11,2020-09-19 00:00:42.565,/sonometros,NoiseLevelObserved,T248677-daily,62.2,63.2,65.6,65.5,56.6,2020-09-18
12,2020-09-20 00:00:45.133,/sonometros,NoiseLevelObserved,T248677-daily,63.1,62.4,68.2,69,60.3,2020-09-19
13,2020-09-21 00:00:47.720,/sonometros,NoiseLevelObserved,T248677-daily,59.2,58.4,65.1,64,58.2,2020-09-20
14,2020-09-22 00:00:50.63,/sonometros,NoiseLevelObserved,T248677-daily,59.9,61.5,62.3,60.1,52.6,2020-09-21
15,2020-09-23 00:00:52.625,/sonometros,NoiseLevelObserved,T248677-daily,61.2,62.8,63.5,62,53.3,2020-09-22
16,2020-09-29 06:31:17.202,/sonometros,NoiseLevelObserved,T248677-daily,59.8,61.4,62.4,60.5,52.7,2020-09-28
17,2020-09-30 00:06:10.357,/sonometros,NoiseLevelObserved,T248677-daily,61.2,62.8,63.3,62.4,52.4,2020-09-29
18,2020-10-01 00:00:12.238,/sonometros,NoiseLevelObserved,T248677-daily,61.9,62.9,64.9,65.7,54.6,2020-09-30
19,2020-10-02 00:00:14.883,/sonometros,NoiseLevelObserved,T248677-daily,60.5,61.4,63.7,64.5,53.8,2020-10-01
20,2020-10-03 00:00:16.831,/sonometros,NoiseLevelObserved,T248677-daily,61.3,62.2,65.3,64.3,57.2,2020-10-02
21,2020-10-04 00:00:19.7,/sonometros,NoiseLevelObserved,T248677-daily,63.1,63.8,67.1,66.8,58.6,2020-10-03
22,2020-10-05 00:00:20.655,/sonometros,NoiseLevelObserved,T248677-daily,59.1,60.4,63,58.4,55.5,2020-10-04
23,2020-10-06 00:00:22.779,/sonometros,NoiseLevelObserved,T248677-daily,59.2,60.8,61.8,59.3,52.4,2020-10-05
24,2020-10-07 00:00:25.190,/sonometros,NoiseLevelObserved,T248677-daily,60.9,62.4,63.2,62,52.9,2020-10-06
25,2020-10-08 00:00:27.624,/sonometros,NoiseLevelObserved,T248677-daily,60.2,61.2,63.4,64.3,53.2,2020-10-07
26,2020-10-09 00:00:29.998,/sonometros,NoiseLevelObserved,T248677-daily,63,63,67.3,68.5,58.4,2020-10-08
27,2020-10-10 00:00:32.325,/sonometros,NoiseLevelObserved,T248677-daily,61.5,61.6,66.3,65.9,58.6,2020-10-09
28,2020-10-11 00:00:35.0,/sonometros,NoiseLevelObserved,T248677-daily,61.1,61.2,66,65.6,58.3,2020-10-10
29,2020-10-12 00:00:37.277,/sonometros,NoiseLevelObserved,T248677-daily,57.8,58.4,62.6,59.6,55.5,2020-10-11
30,2020-10-13 00:00:39.670,/sonometros,NoiseLevelObserved,T248677-daily,57.9,59.2,61.6,57.8,53.8,2020-10-12
31,2020-10-14 00:00:41.760,/sonometros,NoiseLevelObserved,T248677-daily,59.4,61.1,61.9,58.2,52.7,2020-10-13
32,2020-10-15 00:00:43.906,/sonometros,NoiseLevelObserved,T248677-daily,59.6,61.2,61.9,60.1,51.8,2020-10-14
33,2020-10-16 00:00:46.3,/sonometros,NoiseLevelObserved,T248677-daily,59.8,61.5,62.4,58.7,53.3,2020-10-15
34,2020-10-17 00:00:48.291,/sonometros,NoiseLevelObserved,T248677-daily,63.6,64.4,67.1,67.5,57.8,2020-10-16
35,2020-10-18 00:00:50.441,/sonometros,NoiseLevelObserved,T248677-daily,63.1,62.7,67.9,69.1,59.4,2020-10-17
36,2020-10-19 00:00:52.781,/sonometros,NoiseLevelObserved,T248677-daily,59.6,60.7,63.8,58.7,56.6,2020-10-18
37,2020-10-20 00:00:55.288,/sonometros,NoiseLevelObserved,T248677-daily,60.8,62.7,62.8,58.2,53,2020-10-19
38,2020-10-21 00:00:57.169,/sonometros,NoiseLevelObserved,T248677-daily,60.6,62.4,62.9,59.6,53.1,2020-10-20
39,2020-10-22 00:00:00.673,/sonometros,NoiseLevelObserved,T248677-daily,60.1,61.6,62.9,61.6,53.4,2020-10-21
40,2020-10-23 00:00:02.959,/sonometros,NoiseLevelObserved,T248677-daily,60.3,61.6,63.5,62,54.6,2020-10-22
41,2020-10-24 00:00:12.164,/sonometros,NoiseLevelObserved,T248677-daily,63.1,62.9,67.7,68.5,59.4,2020-10-23
42,2020-10-25 00:00:09.181,/sonometros,NoiseLevelObserved,T248677-daily,62.7,63.3,66.9,66.6,58.7,2020-10-24
43,2020-10-26 00:00:12.870,/sonometros,NoiseLevelObserved,T248677-daily,58.8,60.6,61.7,58,52.8,2020-10-25
44,2020-10-27 00:00:11.948,/sonometros,NoiseLevelObserved,T248677-daily,59.1,60.9,61,57.3,50.8,2020-10-26
45,2020-10-28 00:00:17.156,/sonometros,NoiseLevelObserved,T248677-daily,60.2,62,62.1,59.8,51.4,2020-10-27
46,2020-10-29 00:00:16.317,/sonometros,NoiseLevelObserved,T248677-daily,60.3,61.7,63.2,61.3,54.1,2020-10-28
47,2020-10-30 00:00:18.364,/sonometros,NoiseLevelObserved,T248677-daily,60.8,62.4,63.3,62,53.4,2020-10-29
48,2020-10-31 00:00:20.590,/sonometros,NoiseLevelObserved,T248677-daily,64,63.7,67.9,70.7,57.2,2020-10-30
49,2020-11-01 00:00:22.60,/sonometros,NoiseLevelObserved,T248677-daily,66.1,67.8,68.1,67,56.8,2020-10-31
50,2020-11-02 00:00:24.182,/sonometros,NoiseLevelObserved,T248677-daily,58.3,59.8,61.1,58.5,52.2,2020-11-01
51,2020-11-03 00:00:26.395,/sonometros,NoiseLevelObserved,T248677-daily,59.8,61.6,62,58.8,52,2020-11-02
52,2020-11-04 00:00:28.559,/sonometros,NoiseLevelObserved,T248677-daily,60.9,62.8,62.4,59.5,50.9,2020-11-03
53,2020-11-05 00:00:30.816,/sonometros,NoiseLevelObserved,T248677-daily,60.4,61.7,64,61.4,55.8,2020-11-04
54,2020-11-06 00:00:32.929,/sonometros,NoiseLevelObserved,T248677-daily,63.4,65,66.6,58.7,58.8,2020-11-05
55,2020-11-07 00:00:35.163,/sonometros,NoiseLevelObserved,T248677-daily,62,62.9,65.3,65.7,55.9,2020-11-06
56,2020-11-08 00:00:37.452,/sonometros,NoiseLevelObserved,T248677-daily,65.1,66,68.7,68.5,59.9,2020-11-07
57,2020-11-09 00:00:39.676,/sonometros,NoiseLevelObserved,T248677-daily,60.1,61.8,62.8,58.5,54,2020-11-08
58,2020-11-10 00:00:41.689,/sonometros,NoiseLevelObserved,T248677-daily,59.7,61.5,61.9,58.7,51.9,2020-11-09
59,2020-11-11 00:00:43.944,/sonometros,NoiseLevelObserved,T248677-daily,61.1,63,62.8,59.5,52,2020-11-10
60,2020-11-12 00:00:46.45,/sonometros,NoiseLevelObserved,T248677-daily,60.2,61.9,62.4,60.7,52,2020-11-11
61,2020-11-13 00:00:48.395,/sonometros,NoiseLevelObserved,T248677-daily,61,62.5,63.3,62.3,53,2020-11-12
62,2020-11-14 00:00:50.430,/sonometros,NoiseLevelObserved,T248677-daily,63.3,63.8,66.7,68.3,56.6,2020-11-13
63,2020-11-15 00:00:52.703,/sonometros,NoiseLevelObserved,T248677-daily,63.8,65.1,66.2,66.8,54.7,2020-11-14
64,2020-11-16 00:01:54.926,/sonometros,NoiseLevelObserved,T248677-daily,59.3,61.1,61.4,58.2,51.4,2020-11-15
65,2020-11-17 00:00:57.133,/sonometros,NoiseLevelObserved,T248677-daily,59.7,61.6,61.7,58.4,51.5,2020-11-16
66,2020-11-27T00:00:35.767Z,/sonometros,NoiseLevelObserved,T248677-daily,60.9,62.6,63.0,61.3,52.5,2020-11-26
67,2020-11-28T00:00:37.637Z,/sonometros,NoiseLevelObserved,T248677-daily,66.4,68.5,67.2,60.9,53.8,2020-11-27
68,2020-11-29T00:00:39.874Z,/sonometros,NoiseLevelObserved,T248677-daily,64.0,64.2,68.6,68.5,60.6,2020-11-28
69,2020-11-30T00:00:42.36Z,/sonometros,NoiseLevelObserved,T248677-daily,60.3,62.1,62.3,59.9,51.7,2020-11-29
70,2020-12-01T00:00:45.88Z,/sonometros,NoiseLevelObserved,T248677-daily,60.2,62.0,62.3,58.8,52.4,2020-11-30
71,2020-12-02T00:00:46.145Z,/sonometros,NoiseLevelObserved,T248677-daily,61.4,63.2,63.1,59.8,52.4,2020-12-01
72,2020-12-03T00:00:48.191Z,/sonometros,NoiseLevelObserved,T248677-daily,59.7,61.4,62.2,58.4,53.1,2020-12-02
73,2020-12-04T00:00:50.302Z,/sonometros,NoiseLevelObserved,T248677-daily,62.3,64.2,63.9,61.3,52.2,2020-12-03
74,2020-12-05T00:00:52.449Z,/sonometros,NoiseLevelObserved,T248677-daily,61.6,62.8,64.6,64.8,54.6,2020-12-04
75,2020-12-06T00:00:55.22Z,/sonometros,NoiseLevelObserved,T248677-daily,62.2,63.1,65.4,66.2,55.5,2020-12-05
76,2020-12-07T00:00:56.406Z,/sonometros,NoiseLevelObserved,T248677-daily,59.7,61.4,61.8,59.1,51.8,2020-12-06
77,2020-12-08T00:00:58.392Z,/sonometros,NoiseLevelObserved,T248677-daily,60.3,62.0,62.9,60.3,53.4,2020-12-07
78,2020-12-09T00:00:00.410Z,/sonometros,NoiseLevelObserved,T248677-daily,60.5,62.4,62.3,59.7,51.0,2020-12-08
79,2020-12-10T00:00:19.739Z,/sonometros,NoiseLevelObserved,T248677-daily,60.8,62.0,63.2,64.2,51.6,2020-12-09
80,2020-12-11T00:00:05.833Z,/sonometros,NoiseLevelObserved,T248677-daily,60.4,62.0,62.8,61.1,52.8,2020-12-10
81,2020-12-12T00:00:25.932Z,/sonometros,NoiseLevelObserved,T248677-daily,62.9,63.9,66.1,65.9,56.8,2020-12-11
82,2020-12-13T00:00:28.278Z,/sonometros,NoiseLevelObserved,T248677-daily,64.2,65.2,67.3,68.0,57.4,2020-12-12
83,2020-12-14T00:00:30.383Z,/sonometros,NoiseLevelObserved,T248677-daily,60.8,62.7,62.4,58.6,51.5,2020-12-13
84,2020-12-15T00:00:32.161Z,/sonometros,NoiseLevelObserved,T248677-daily,60.5,62.4,62.4,58.6,52.2,2020-12-14
85,2020-12-16T00:00:34.248Z,/sonometros,NoiseLevelObserved,T248677-daily,61.1,63.0,62.9,60.1,52.0,2020-12-15
86,2020-12-17T00:00:36.676Z,/sonometros,NoiseLevelObserved,T248677-daily,60.4,62.0,63.2,60.1,54.2,2020-12-16
87,2020-12-18T00:00:40.148Z,/sonometros,NoiseLevelObserved,T248677-daily,60.4,61.9,63.0,61.1,53.6,2020-12-17
88,2020-12-19T00:00:40.989Z,/sonometros,NoiseLevelObserved,T248677-daily,61.8,62.5,65.4,66.2,55.9,2020-12-18
89,2020-12-20T00:00:42.748Z,/sonometros,NoiseLevelObserved,T248677-daily,64.3,64.7,67.5,70.1,55.4,2020-12-19
90,2020-12-21T00:00:44.804Z,/sonometros,NoiseLevelObserved,T248677-daily,60.8,62.7,62.3,57.9,51.4,2020-12-20
91,2020-12-22T00:01:46.737Z,/sonometros,NoiseLevelObserved,T248677-daily,60.7,62.5,62.5,60.1,51.6,2020-12-21
92,2020-12-23T00:00:05.849Z,/sonometros,NoiseLevelObserved,T248677-daily,61.3,63.4,63.3,62.2,51.3,2020-12-22
93,2020-12-24T00:00:07.63Z,/sonometros,NoiseLevelObserved,T248677-daily,62.2,63.9,63.8,63.0,51.0,2020-12-23
94,2020-12-25T00:00:09.377Z,/sonometros,NoiseLevelObserved,T248677-daily,61.3,63.4,62.8,54.0,52.2,2020-12-24
95,2020-12-26T00:00:10.885Z,/sonometros,NoiseLevelObserved,T248677-daily,57.4,59.1,59.6,58.0,49.1,2020-12-25
96,2020-12-27T00:00:13.363Z,/sonometros,NoiseLevelObserved,T248677-daily,61.9,63.1,64.1,65.9,50.6,2020-12-26
97,2020-12-28T00:00:15.362Z,/sonometros,NoiseLevelObserved,T248677-daily,61.3,63.3,62.3,59.9,47.9,2020-12-27
98,2020-12-29T00:01:16.880Z,/sonometros,NoiseLevelObserved,T248677-daily,59.4,61.0,61.7,60.8,51.1,2020-12-28
99,2020-12-30T00:00:18.953Z,/sonometros,NoiseLevelObserved,T248677-daily,62.8,64.8,63.8,60.0,50.4,2020-12-29
100,2020-12-31T00:00:21.12Z,/sonometros,NoiseLevelObserved,T248677-daily,61.3,63.1,62.9,61.5,50.7,2020-12-30
101,2021-01-01T00:00:21.846Z,/sonometros,NoiseLevelObserved,T248677-daily,59.2,61.1,61.2,56.8,51.3,2020-12-31
102,2021-01-02T00:00:23.841Z,/sonometros,NoiseLevelObserved,T248677-daily,56.0,57.1,59.6,58.3,51.2,2021-01-01
103,2021-01-03T00:00:25.924Z,/sonometros,NoiseLevelObserved,T248677-daily,60.3,62.1,62.1,60.3,50.6,2021-01-02
104,2021-01-04T00:00:27.706Z,/sonometros,NoiseLevelObserved,T248677-daily,59.3,61.3,60.6,58.5,47.5,2021-01-03
105,2021-01-05T00:00:29.614Z,/sonometros,NoiseLevelObserved,T248677-daily,61.1,63.0,62.6,59.9,50.8,2021-01-04
106,2021-01-06T00:00:31.861Z,/sonometros,NoiseLevelObserved,T248677-daily,60.4,61.5,63.0,64.2,51.6,2021-01-05
107,2021-01-07T00:00:33.504Z,/sonometros,NoiseLevelObserved,T248677-daily,58.9,60.8,60.8,58.2,50.0,2021-01-06
108,2021-01-08T00:00:35.973Z,/sonometros,NoiseLevelObserved,T248677-daily,61.3,63.1,63.4,60.2,53.2,2021-01-07
109,2021-01-09T00:00:38.191Z,/sonometros,NoiseLevelObserved,T248677-daily,61.4,63.2,63.5,61.0,53.1,2021-01-08
110,2021-01-10T00:00:39.115Z,/sonometros,NoiseLevelObserved,T248677-daily,59.2,60.7,62.2,59.1,53.6,2021-01-09
111,2021-01-11T00:00:42.26Z,/sonometros,NoiseLevelObserved,T248677-daily,58.2,60.1,59.8,57.6,47.7,2021-01-10
112,2021-01-12T00:00:42.831Z,/sonometros,NoiseLevelObserved,T248677-daily,60.3,62.2,61.9,59.2,50.5,2021-01-11
113,2021-01-13T00:00:45.108Z,/sonometros,NoiseLevelObserved,T248677-daily,61.5,63.5,63.3,58.9,52.8,2021-01-12
114,2021-01-14T00:00:46.959Z,/sonometros,NoiseLevelObserved,T248677-daily,61.3,63.2,63.0,59.3,52.1,2021-01-13
115,2021-01-15T00:00:48.847Z,/sonometros,NoiseLevelObserved,T248677-daily,61.4,63.3,63.2,59.8,52.5,2021-01-14
116,2021-01-16T00:00:50.612Z,/sonometros,NoiseLevelObserved,T248677-daily,60.8,62.6,62.6,59.5,52.0,2021-01-15
117,2021-01-17T00:01:53.764Z,/sonometros,NoiseLevelObserved,T248677-daily,62.1,64.2,63.2,59.4,50.1,2021-01-16
118,2021-01-18T00:01:54.922Z,/sonometros,NoiseLevelObserved,T248677-daily,60.5,62.6,61.6,58.2,47.7,2021-01-17
119,2021-01-19T00:00:56.801Z,/sonometros,NoiseLevelObserved,T248677-daily,60.5,62.3,62.5,59.9,51.9,2021-01-18
120,2021-01-20T00:00:59.121Z,/sonometros,NoiseLevelObserved,T248677-daily,61.4,63.3,63.3,59.8,52.8,2021-01-19
121,2021-01-21T00:00:02.436Z,/sonometros,NoiseLevelObserved,T248677-daily,62.0,63.7,63.9,63.2,52.1,2021-01-20
122,2021-01-22T00:00:11.843Z,/sonometros,NoiseLevelObserved,T248677-daily,61.7,63.6,63.3,60.2,52.0,2021-01-21
123,2021-01-23T00:00:07.222Z,/sonometros,NoiseLevelObserved,T248677-daily,60.9,62.9,62.1,58.5,49.7,2021-01-22
124,2021-01-24T00:00:09.532Z,/sonometros,NoiseLevelObserved,T248677-daily,59.1,61.0,60.8,58.5,49.3,2021-01-23
125,2021-01-25T00:00:10.455Z,/sonometros,NoiseLevelObserved,T248677-daily,56.9,58.5,59.3,57.5,49.4,2021-01-24
126,2021-01-26T00:01:12.658Z,/sonometros,NoiseLevelObserved,T248677-daily,60.0,61.9,62.0,58.2,51.9,2021-01-25
127,2021-01-27T00:00:17.22Z,/sonometros,NoiseLevelObserved,T248677-daily,60.4,62.3,62.5,58.9,52.3,2021-01-26
128,2021-01-28T00:00:17.410Z,/sonometros,NoiseLevelObserved,T248677-daily,62.0,64.0,63.4,58.5,51.9,2021-01-27
129,2021-01-29T00:00:20.179Z,/sonometros,NoiseLevelObserved,T248677-daily,60.2,62.0,62.0,58.4,51.7,2021-01-28
130,2021-01-30T00:00:20.300Z,/sonometros,NoiseLevelObserved,T248677-daily,59.7,61.4,61.9,59.3,51.8,2021-01-29
131,2021-01-31T00:00:23.761Z,/sonometros,NoiseLevelObserved,T248677-daily,58.6,60.4,60.5,58.0,49.7,2021-01-30
132,2021-02-01T00:00:26.890Z,/sonometros,NoiseLevelObserved,T248677-daily,56.6,58.4,58.5,56.9,47.2,2021-01-31
133,2021-02-02T00:00:27.490Z,/sonometros,NoiseLevelObserved,T248677-daily,60.1,61.8,62.7,58.8,53.7,2021-02-01
134,2021-02-03T00:00:29.611Z,/sonometros,NoiseLevelObserved,T248677-daily,59.4,61.3,61.5,58.0,51.3,2021-02-02
135,2021-02-04T00:00:31.597Z,/sonometros,NoiseLevelObserved,T248677-daily,61.7,63.8,63.1,58.6,51.3,2021-02-03
136,2021-02-05T00:00:33.513Z,/sonometros,NoiseLevelObserved,T248677-daily,61.5,63.4,63.4,59.3,53.2,2021-02-04
137,2021-02-06T00:00:35.717Z,/sonometros,NoiseLevelObserved,T248677-daily,61.4,63.3,63.2,60.2,52.4,2021-02-05
138,2021-02-07T00:00:37.873Z,/sonometros,NoiseLevelObserved,T248677-daily,58.4,60.1,60.5,58.3,50.2,2021-02-06
139,2021-02-08T00:00:39.964Z,/sonometros,NoiseLevelObserved,T248677-daily,57.5,59.4,59.2,57.1,47.5,2021-02-07
140,2021-02-09T00:00:42.179Z,/sonometros,NoiseLevelObserved,T248677-daily,60.9,62.5,63.1,62.6,51.9,2021-02-08
141,2021-02-10T00:00:44.210Z,/sonometros,NoiseLevelObserved,T248677-daily,60.3,62.1,62.1,58.4,51.6,2021-02-09
142,2021-02-11T00:00:47.417Z,/sonometros,NoiseLevelObserved,T248677-daily,60.4,62.2,62.3,59.4,51.6,2021-02-10
143,2021-02-12T00:00:48.564Z,/sonometros,NoiseLevelObserved,T248677-daily,59.9,61.7,61.9,59.0,51.5,2021-02-11
144,2021-02-13T00:00:50.719Z,/sonometros,NoiseLevelObserved,T248677-daily,60.5,62.3,62.4,59.4,51.9,2021-02-12
145,2021-02-14T00:00:53.47Z,/sonometros,NoiseLevelObserved,T248677-daily,58.4,59.9,60.8,60.1,50.2,2021-02-13
146,2021-02-15T00:01:55.121Z,/sonometros,NoiseLevelObserved,T248677-daily,59.2,60.9,61.5,59.6,51.4,2021-02-14
147,2021-02-16T00:00:57.114Z,/sonometros,NoiseLevelObserved,T248677-daily,62.2,64.1,64.1,59.4,54.1,2021-02-15
148,2021-02-17T00:00:31.588Z,/sonometros,NoiseLevelObserved,T248677-daily,61.1,62.9,63.0,59.3,52.8,2021-02-16
149,2021-03-11T07:30:22.871Z,/sonometros,NoiseLevelObserved,T248677-daily,61.4,63.0,63.6,61.8,53.4,2021-03-10
150,2021-03-12T00:00:48.237Z,/sonometros,NoiseLevelObserved,T248677-daily,61.2,62.9,63.3,61.5,52.6,2021-03-11
151,2021-03-13T00:00:50.493Z,/sonometros,NoiseLevelObserved,T248677-daily,62.9,64.8,64.4,61.5,52.8,2021-03-12
152,2021-03-14T00:00:52.720Z,/sonometros,NoiseLevelObserved,T248677-daily,68.5,70.7,68.8,60.0,51.6,2021-03-13
153,2021-03-15T00:00:54.891Z,/sonometros,NoiseLevelObserved,T248677-daily,62.9,64.7,65.3,61.3,56.0,2021-03-14
154,2021-03-16T00:00:56.873Z,/sonometros,NoiseLevelObserved,T248677-daily,61.1,62.8,63.3,59.8,53.7,2021-03-15
155,2021-03-17T00:00:05.303Z,/sonometros,NoiseLevelObserved,T248677-daily,61.5,63.4,63.5,60.1,53.1,2021-03-16
156,2021-03-18T00:00:03.123Z,/sonometros,NoiseLevelObserved,T248677-daily,62.7,64.6,64.3,61.1,53.1,2021-03-17
157,2021-03-19T00:00:06.170Z,/sonometros,NoiseLevelObserved,T248677-daily,64.8,66.8,66.1,63.6,53.3,2021-03-18
158,2021-03-20T00:00:06.921Z,/sonometros,NoiseLevelObserved,T248677-daily,62.7,64.5,64.2,63.4,51.1,2021-03-19
159,2021-03-21T00:00:16.689Z,/sonometros,NoiseLevelObserved,T248677-daily,63.9,65.7,65.3,63.9,52.2,2021-03-20
160,2021-03-22T00:00:12.886Z,/sonometros,NoiseLevelObserved,T248677-daily,61.2,63.1,62.6,59.8,50.4,2021-03-21
161,2021-03-23T00:00:15.427Z,/sonometros,NoiseLevelObserved,T248677-daily,62.4,64.3,64.0,60.0,52.9,2021-03-22
162,2021-03-24T00:00:18.34Z,/sonometros,NoiseLevelObserved,T248677-daily,61.4,63.2,63.6,59.5,53.9,2021-03-23
163,2021-03-25T00:00:18.956Z,/sonometros,NoiseLevelObserved,T248677-daily,61.1,62.9,63.4,59.7,53.8,2021-03-24
164,2021-03-26T00:00:20.735Z,/sonometros,NoiseLevelObserved,T248677-daily,63.1,65.1,64.7,60.3,53.7,2021-03-25
165,2021-03-27T00:00:22.249Z,/sonometros,NoiseLevelObserved,T248677-daily,62.7,64.5,64.5,61.1,54.0,2021-03-26
166,2021-03-28T00:00:28.767Z,/sonometros,NoiseLevelObserved,T248677-daily,64.2,67.0,65.2,56.0,52.0,2021-03-27
167,2021-03-29T00:00:31.7Z,/sonometros,NoiseLevelObserved,T248677-daily,61.5,62.9,63.8,63.0,53.5,2021-03-28
168,2021-03-30T00:00:32.442Z,/sonometros,NoiseLevelObserved,T248677-daily,61.9,63.2,64.5,64.8,53.9,2021-03-29
169,2021-03-31T00:00:34.805Z,/sonometros,NoiseLevelObserved,T248677-daily,61.8,63.0,64.6,65.4,53.9,2021-03-30
170,2021-04-01T00:00:37.110Z,/sonometros,NoiseLevelObserved,T248677-daily,61.9,63.7,63.9,61.4,53.5,2021-03-31
171,2021-04-02T00:00:39.361Z,/sonometros,NoiseLevelObserved,T248677-daily,62.5,64.5,64.0,60.5,52.4,2021-04-01
172,2021-04-03T00:00:40.664Z,/sonometros,NoiseLevelObserved,T248677-daily,60.7,62.6,62.3,60.0,50.4,2021-04-02
173,2021-04-04T00:00:44.400Z,/sonometros,NoiseLevelObserved,T248677-daily,62.5,64.6,63.7,60.1,50.6,2021-04-03
174,2021-04-05T00:00:46.547Z,/sonometros,NoiseLevelObserved,T248677-daily,58.6,60.2,60.8,60.0,50.1,2021-04-04
175,2021-04-06T00:00:48.579Z,/sonometros,NoiseLevelObserved,T248677-daily,61.0,63.0,62.5,59.4,50.4,2021-04-05
176,2021-04-07T00:00:49.894Z,/sonometros,NoiseLevelObserved,T248677-daily,61.3,63.2,63.3,59.9,52.9,2021-04-06
177,2021-04-08T00:00:51.939Z,/sonometros,NoiseLevelObserved,T248677-daily,62.4,64.1,64.4,63.8,52.7,2021-04-07
178,2021-04-09T00:01:54.653Z,/sonometros,NoiseLevelObserved,T248677-daily,61.2,62.8,63.8,61.0,54.5,2021-04-08
179,2021-04-10T00:00:58.956Z,/sonometros,NoiseLevelObserved,T248677-daily,61.8,63.4,64.1,63.2,53.4,2021-04-09
180,2021-04-11T00:00:59.519Z,/sonometros,NoiseLevelObserved,T248677-daily,61.4,63.1,63.4,62.6,51.8,2021-04-10
181,2021-04-12T00:00:33.849Z,/sonometros,NoiseLevelObserved,T248677-daily,61.6,63.2,63.4,63.3,50.7,2021-04-11
182,2021-04-13T00:00:36.357Z,/sonometros,NoiseLevelObserved,T248677-daily,61.4,63.1,63.1,61.8,51.4,2021-04-12
183,2021-04-14T00:00:07.733Z,/sonometros,NoiseLevelObserved,T248677-daily,61.4,63.3,63.4,60.4,52.8,2021-04-13
184,2021-04-15T00:00:23.842Z,/sonometros,NoiseLevelObserved,T248677-daily,60.9,62.6,63.2,61.3,53.2,2021-04-14
185,2021-04-16T00:00:28.953Z,/sonometros,NoiseLevelObserved,T248677-daily,61.4,63.2,63.6,61.3,53.3,2021-04-15
186,2021-04-17T00:00:44.910Z,/sonometros,NoiseLevelObserved,T248677-daily,62.6,64.3,64.7,63.4,53.9,2021-04-16
187,2021-04-18T00:00:20.540Z,/sonometros,NoiseLevelObserved,T248677-daily,63.1,65.0,64.3,61.5,51.3,2021-04-17
188,2021-04-19T00:00:19.410Z,/sonometros,NoiseLevelObserved,T248677-daily,62.1,63.9,63.4,62.1,49.6,2021-04-18
189,2021-04-20T00:00:21.361Z,/sonometros,NoiseLevelObserved,T248677-daily,61.2,62.8,63.4,61.7,53.1,2021-04-19
190,2021-04-21T00:00:21.674Z,/sonometros,NoiseLevelObserved,T248677-daily,61.3,63.0,63.5,60.0,53.9,2021-04-20
191,2021-04-22T00:00:24.335Z,/sonometros,NoiseLevelObserved,T248677-daily,61.8,63.2,65.1,62.4,56.6,2021-04-21
192,2021-04-23T00:00:25.262Z,/sonometros,NoiseLevelObserved,T248677-daily,62.4,64.1,65.0,62.6,55.6,2021-04-22
193,2021-04-24T00:00:28.53Z,/sonometros,NoiseLevelObserved,T248677-daily,63.6,65.5,65.2,61.6,54.1,2021-04-23
194,2021-04-25T00:00:30.718Z,/sonometros,NoiseLevelObserved,T248677-daily,61.0,62.6,63.1,62.3,52.0,2021-04-24
195,2021-04-26T00:00:35.882Z,/sonometros,NoiseLevelObserved,T248677-daily,61.9,63.7,63.7,61.4,52.7,2021-04-25
196,2021-04-27T00:00:34.117Z,/sonometros,NoiseLevelObserved,T248677-daily,61.9,63.4,65.3,61.1,57.2,2021-04-26
197,2021-04-28T00:00:36.584Z,/sonometros,NoiseLevelObserved,T248677-daily,61.7,63.0,64.4,64.7,53.9,2021-04-27
198,2021-04-29T00:00:38.569Z,/sonometros,NoiseLevelObserved,T248677-daily,61.7,63.3,64.2,62.5,54.3,2021-04-28
199,2021-04-30T00:00:40.822Z,/sonometros,NoiseLevelObserved,T248677-daily,62.4,63.9,64.9,63.6,55.1,2021-04-29
200,2021-05-01T00:00:42.440Z,/sonometros,NoiseLevelObserved,T248677-daily,63.1,64.7,65.2,64.9,53.7,2021-04-30
201,2021-05-02T00:00:45.555Z,/sonometros,NoiseLevelObserved,T248677-daily,63.9,65.7,65.4,65.1,51.4,2021-05-01
202,2021-05-03T00:00:48.942Z,/sonometros,NoiseLevelObserved,T248677-daily,60.1,61.7,61.9,61.2,50.3,2021-05-02
203,2021-05-04T00:00:52.197Z,/sonometros,NoiseLevelObserved,T248677-daily,61.6,63.5,63.6,60.7,53.1,2021-05-03
204,2021-05-05T00:00:51.358Z,/sonometros,NoiseLevelObserved,T248677-daily,61.2,62.8,63.7,62.3,53.6,2021-05-04
205,2021-05-06T00:00:54.273Z,/sonometros,NoiseLevelObserved,T248677-daily,61.2,62.7,63.9,62.4,54.3,2021-05-05
206,2021-05-07T00:00:56.388Z,/sonometros,NoiseLevelObserved,T248677-daily,63.8,65.4,65.8,65.5,54.0,2021-05-06
207,2021-05-08T00:00:58.530Z,/sonometros,NoiseLevelObserved,T248677-daily,64.7,66.0,67.1,68.3,54.9,2021-05-07
208,2021-05-09T00:00:17.705Z,/sonometros,NoiseLevelObserved,T248677-daily,66.8,68.7,67.9,66.8,52.2,2021-05-08
209,2021-05-10T00:00:06.462Z,/sonometros,NoiseLevelObserved,T248677-daily,62.1,63.9,64.2,61.7,53.9,2021-05-09
210,2021-05-11T00:00:07.685Z,/sonometros,NoiseLevelObserved,T248677-daily,61.7,63.3,64.2,61.6,54.8,2021-05-10
211,2021-05-12T00:00:09.859Z,/sonometros,NoiseLevelObserved,T248677-daily,60.8,61.7,63.9,64.9,53.6,2021-05-11
212,2021-05-13T00:01:12.930Z,/sonometros,NoiseLevelObserved,T248677-daily,61.5,63.2,64.0,61.4,54.4,2021-05-12
213,2021-05-14T00:00:17.184Z,/sonometros,NoiseLevelObserved,T248677-daily,61.8,62.5,65.2,66.6,55.2,2021-05-13
214,2021-05-15T00:00:17.492Z,/sonometros,NoiseLevelObserved,T248677-daily,63.4,63.8,66.8,68.6,56.6,2021-05-14
215,2021-05-16T00:01:19.75Z,/sonometros,NoiseLevelObserved,T248677-daily,64.8,65.6,68.2,68.6,58.9,2021-05-15
216,2021-05-17T00:00:22.395Z,/sonometros,NoiseLevelObserved,T248677-daily,59.9,61.4,62.6,61.1,53.0,2021-05-16
217,2021-05-18T00:00:23.602Z,/sonometros,NoiseLevelObserved,T248677-daily,60.9,62.6,63.5,60.6,54.1,2021-05-17
218,2021-05-19T00:00:26.250Z,/sonometros,NoiseLevelObserved,T248677-daily,61.3,62.6,64.1,63.4,54.4,2021-05-18
219,2021-05-20T00:00:31.267Z,/sonometros,NoiseLevelObserved,T248677-daily,61.8,62.7,64.8,65.9,54.4,2021-05-19
220,2021-05-21T00:00:29.829Z,/sonometros,NoiseLevelObserved,T248677-daily,63.1,64.5,65.8,65.0,55.9,2021-05-20
221,2021-05-22T00:00:32.856Z,/sonometros,NoiseLevelObserved,T248677-daily,64.6,65.5,67.5,68.7,56.9,2021-05-21
222,2021-05-23T00:00:34.976Z,/sonometros,NoiseLevelObserved,T248677-daily,64.7,65.6,67.7,68.9,57.3,2021-05-22
223,2021-05-24T00:00:36.483Z,/sonometros,NoiseLevelObserved,T248677-daily,60.3,61.6,63.9,61.5,55.7,2021-05-23
224,2021-05-25T00:00:39.6Z,/sonometros,NoiseLevelObserved,T248677-daily,60.6,62.1,63.8,60.4,55.4,2021-05-24
225,2021-05-26T00:00:41.583Z,/sonometros,NoiseLevelObserved,T248677-daily,61.7,62.9,64.7,64.8,54.8,2021-05-25
226,2021-05-27T00:00:45.377Z,/sonometros,NoiseLevelObserved,T248677-daily,61.4,62.9,64.4,62.1,55.5,2021-05-26
227,2021-05-28T00:00:46.444Z,/sonometros,NoiseLevelObserved,T248677-daily,62.0,62.9,65.7,64.9,57.3,2021-05-27
228,2021-05-29T00:00:48.360Z,/sonometros,NoiseLevelObserved,T248677-daily,65.2,63.7,71.6,70.4,64.9,2021-05-28
229,2021-05-30T00:00:51.399Z,/sonometros,NoiseLevelObserved,T248677-daily,65.5,66.0,69.6,69.6,61.3,2021-05-29
230,2021-05-31T00:00:53.577Z,/sonometros,NoiseLevelObserved,T248677-daily,60.8,62.0,64.4,61.5,56.5,2021-05-30
231,2021-06-01T00:00:57.669Z,/sonometros,NoiseLevelObserved,T248677-daily,61.2,62.7,64.0,62.0,54.7,2021-05-31
232,2021-06-02T00:00:02.192Z,/sonometros,NoiseLevelObserved,T248677-daily,62.3,63.9,64.7,63.2,54.6,2021-06-01
233,2021-06-03T00:01:02.248Z,/sonometros,NoiseLevelObserved,T248677-daily,61.3,62.5,64.5,64.1,55.2,2021-06-02
234,2021-06-04T00:00:04.813Z,/sonometros,NoiseLevelObserved,T248677-daily,63.6,64.5,66.7,67.8,56.3,2021-06-03
235,2021-06-05T00:00:17.51Z,/sonometros,NoiseLevelObserved,T248677-daily,65.9,66.3,70.4,70.4,62.2,2021-06-04
236,2021-06-06T00:00:11.112Z,/sonometros,NoiseLevelObserved,T248677-daily,64.8,65.6,68.7,68.2,60.3,2021-06-05
237,2021-06-07T00:00:15.423Z,/sonometros,NoiseLevelObserved,T248677-daily,61.6,62.3,66.5,63.3,59.4,2021-06-06
238,2021-06-08T00:00:15.664Z,/sonometros,NoiseLevelObserved,T248677-daily,61.7,63.0,64.6,63.8,55.1,2021-06-07
239,2021-06-09T01:56:29.471Z,/sonometros,NoiseLevelObserved,T248677-daily,61.7,63.1,64.6,64.0,54.8,2021-06-08
240,2021-06-10T00:00:37.897Z,/sonometros,NoiseLevelObserved,T248677-daily,62.6,63.9,65.5,64.6,56.1,2021-06-09
241,2021-06-11T00:00:23.2Z,/sonometros,NoiseLevelObserved,T248677-daily,62.8,63.7,66.3,66.4,57.1,2021-06-10
242,2021-06-12T00:00:23.202Z,/sonometros,NoiseLevelObserved,T248677-daily,64.5,64.6,69.4,68.9,61.7,2021-06-11
243,2021-06-13T00:00:26.243Z,/sonometros,NoiseLevelObserved,T248677-daily,65.0,65.2,69.6,69.2,61.8,2021-06-12
244,2021-06-14T00:00:27.745Z,/sonometros,NoiseLevelObserved,T248677-daily,61.3,62.2,65.9,62.1,58.8,2021-06-13
245,2021-06-15T00:00:30.746Z,/sonometros,NoiseLevelObserved,T248677-daily,61.0,62.3,64.0,63.1,54.6,2021-06-14
246,2021-06-16T00:00:33.866Z,/sonometros,NoiseLevelObserved,T248677-daily,60.9,62.2,63.9,63.0,54.6,2021-06-15
247,2021-06-17T00:00:36.264Z,/sonometros,NoiseLevelObserved,T248677-daily,62.3,62.6,66.2,67.4,57.0,2021-06-16
248,2021-06-18T00:00:37.940Z,/sonometros,NoiseLevelObserved,T248677-daily,63.5,63.5,67.6,69.3,58.1,2021-06-17
249,2021-06-19T00:00:41.49Z,/sonometros,NoiseLevelObserved,T248677-daily,66.2,66.3,71.5,69.6,64.4,2021-06-18
250,2021-06-20T00:00:45.460Z,/sonometros,NoiseLevelObserved,T248677-daily,63.6,62.9,69.3,68.9,62.0,2021-06-19
251,2021-06-21T00:00:45.358Z,/sonometros,NoiseLevelObserved,T248677-daily,60.6,61.0,66.0,61.7,59.3,2021-06-20
252,2021-08-25T00:00:31.204Z,/sonometros,NoiseLevelObserved,T248677-daily,61.2,61.9,65.4,64.9,57.1,2021-08-24
253,2021-08-26T00:00:33.896Z,/sonometros,NoiseLevelObserved,T248677-daily,60.3,60.6,65.1,64.0,57.5,2021-08-25
254,2021-08-27T00:00:36.116Z,/sonometros,NoiseLevelObserved,T248677-daily,61.8,62.0,65.9,67.2,56.7,2021-08-26
255,2021-08-28T00:00:39.400Z,/sonometros,NoiseLevelObserved,T248677-daily,61.6,61.9,66.0,66.4,57.7,2021-08-27
256,2021-08-29T00:00:41.377Z,/sonometros,NoiseLevelObserved,T248677-daily,60.1,59.4,65.5,65.8,57.9,2021-08-28
257,2021-08-30T00:01:44.2Z,/sonometros,NoiseLevelObserved,T248677-daily,60.9,60.8,65.4,66.3,57.0,2021-08-29
258,2021-08-31T00:00:46.317Z,/sonometros,NoiseLevelObserved,T248677-daily,60.8,62.5,63.2,60.3,53.7,2021-08-30
259,2021-09-01T00:00:49.39Z,/sonometros,NoiseLevelObserved,T248677-daily,65.8,63.6,70.6,74.0,60.1,2021-08-31
260,2021-09-02T00:00:51.644Z,/sonometros,NoiseLevelObserved,T248677-daily,68.3,66.8,75.5,71.4,69.4,2021-09-01
261,2021-09-03T00:00:55.324Z,/sonometros,NoiseLevelObserved,T248677-daily,78.9,81.1,79.8,69.5,67.1,2021-09-02
262,2021-09-04T00:00:56.571Z,/sonometros,NoiseLevelObserved,T248677-daily,79.5,81.5,80.5,76.6,67.2,2021-09-03
263,2021-09-05T00:00:59.36Z,/sonometros,NoiseLevelObserved,T248677-daily,84.2,70.3,94.0,80.2,88.7,2021-09-04
264,2021-09-06T00:00:03.805Z,/sonometros,NoiseLevelObserved,T248677-daily,84.8,86.4,88.0,81.4,80.0,2021-09-05
265,2021-09-07T00:00:05.588Z,/sonometros,NoiseLevelObserved,T248677-daily,70.4,61.2,80.2,60.4,74.9,2021-09-06
266,2021-09-08T00:00:07.968Z,/sonometros,NoiseLevelObserved,T248677-daily,61.1,62.1,64.3,64.2,55.0,2021-09-07
267,2021-09-09T00:00:42.470Z,/sonometros,NoiseLevelObserved,T248677-daily,61.5,62.7,64.4,64.3,54.7,2021-09-08
268,2021-09-10T00:00:12.960Z,/sonometros,NoiseLevelObserved,T248677-daily,61.6,62.2,65.2,66.0,55.9,2021-09-09
269,2021-09-11T00:00:15.328Z,/sonometros,NoiseLevelObserved,T248677-daily,63.7,64.2,67.7,68.1,59.1,2021-09-10
270,2021-09-12T00:00:21.49Z,/sonometros,NoiseLevelObserved,T248677-daily,62.6,62.7,67.4,67.0,59.7,2021-09-11
271,2021-09-13T00:00:20.882Z,/sonometros,NoiseLevelObserved,T248677-daily,59.6,59.7,64.9,62.6,57.9,2021-09-12
272,2021-09-14T00:00:22.5Z,/sonometros,NoiseLevelObserved,T248677-daily,60.9,62.1,64.2,63.6,55.1,2021-09-13
273,2021-09-15T00:00:24.835Z,/sonometros,NoiseLevelObserved,T248677-daily,60.4,61.4,63.6,64.1,53.8,2021-09-14
306,2021-09-16T00:00:27.33Z,/sonometros,NoiseLevelObserved,T248677-daily,61.5,62.7,64.1,64.5,53.6,2021-09-15
307,2021-09-17T00:00:30.369Z,/sonometros,NoiseLevelObserved,T248677-daily,61.5,63.0,64.3,63.3,54.6,2021-09-16
308,2021-09-18T00:00:32.21Z,/sonometros,NoiseLevelObserved,T248677-daily,65.1,65.5,69.2,70.1,60.3,2021-09-17
309,2021-09-19T00:00:35.599Z,/sonometros,NoiseLevelObserved,T248677-daily,63.0,62.8,68.3,67.7,60.9,2021-09-18
310,2021-09-20T00:00:37.711Z,/sonometros,NoiseLevelObserved,T248677-daily,60.1,60.3,65.2,63.7,58.0,2021-09-19
311,2021-09-21T00:00:39.625Z,/sonometros,NoiseLevelObserved,T248677-daily,60.0,61.6,62.4,61.3,52.2,2021-09-20
344,2021-09-22T00:00:47.98Z,/sonometros,NoiseLevelObserved,T248677-daily,60.1,61.6,62.5,61.3,52.3,2021-09-21
345,2021-09-23T00:00:44.292Z,/sonometros,NoiseLevelObserved,T248677-daily,60.7,62.0,63.7,62.2,54.7,2021-09-22
346,2021-09-24T00:00:47.248Z,/sonometros,NoiseLevelObserved,T248677-daily,62.7,62.6,66.9,68.5,57.7,2021-09-23
347,2021-09-25T00:00:48.991Z,/sonometros,NoiseLevelObserved,T248677-daily,63.7,63.7,68.4,68.7,60.4,2021-09-24
348,2021-09-26T00:00:51.466Z,/sonometros,NoiseLevelObserved,T248677-daily,62.9,62.4,68.2,68.1,60.7,2021-09-25
349,2021-09-27T00:00:53.992Z,/sonometros,NoiseLevelObserved,T248677-daily,59.5,60.0,64.5,62.2,57.3,2021-09-26
350,2021-09-28T00:00:56.559Z,/sonometros,NoiseLevelObserved,T248677-daily,59.8,61.2,63.0,61.0,54.3,2021-09-27
383,2021-09-29T00:00:59.625Z,/sonometros,NoiseLevelObserved,T248677-daily,60.9,61.9,64.4,64.2,55.5,2021-09-28
384,2021-09-30T00:00:20.213Z,/sonometros,NoiseLevelObserved,T248677-daily,60.1,61.3,63.3,63.0,53.9,2021-09-29
385,2021-10-01T00:00:06.196Z,/sonometros,NoiseLevelObserved,T248677-daily,61.4,62.2,65.2,65.3,56.3,2021-09-30
386,2021-10-02T00:00:08.530Z,/sonometros,NoiseLevelObserved,T248677-daily,63.9,63.8,68.5,69.2,60.3,2021-10-01
387,2021-10-03T00:00:09.879Z,/sonometros,NoiseLevelObserved,T248677-daily,66.1,64.3,71.3,73.5,62.6,2021-10-02
388,2021-10-04T00:00:12.454Z,/sonometros,NoiseLevelObserved,T248677-daily,60.7,60.4,66.7,63.2,60.2,2021-10-03
389,2021-10-05T00:01:13.651Z,/sonometros,NoiseLevelObserved,T248677-daily,60.1,61.3,63.4,62.3,54.5,2021-10-04
390,2021-10-06T00:00:16.988Z,/sonometros,NoiseLevelObserved,T248677-daily,60.2,61.2,63.7,63.4,54.7,2021-10-05
391,2021-10-07T00:00:21.64Z,/sonometros,NoiseLevelObserved,T248677-daily,60.9,62.2,63.8,63.5,53.9,2021-10-06
392,2021-10-08T00:00:20.890Z,/sonometros,NoiseLevelObserved,T248677-daily,61.1,62.5,63.9,63.5,54.0,2021-10-07
393,2021-10-09T00:00:23.275Z,/sonometros,NoiseLevelObserved,T248677-daily,62.6,62.2,67.8,67.9,60.1,2021-10-08
394,2021-10-10T00:00:25.702Z,/sonometros,NoiseLevelObserved,T248677-daily,63.8,61.8,70.3,69.9,63.4,2021-10-09
395,2021-10-11T00:00:28.459Z,/sonometros,NoiseLevelObserved,T248677-daily,59.6,59.9,64.6,62.5,57.5,2021-10-10
396,2021-10-12T00:00:31.18Z,/sonometros,NoiseLevelObserved,T248677-daily,62.1,61.7,66.7,68.1,58.0,2021-10-11
397,2021-10-13T00:00:33.81Z,/sonometros,NoiseLevelObserved,T248677-daily,58.6,59.2,63.2,61.9,55.6,2021-10-12
398,2021-10-14T00:00:35.474Z,/sonometros,NoiseLevelObserved,T248677-daily,60.2,61.5,63.0,62.0,53.6,2021-10-13
431,2021-10-15T00:00:38.533Z,/sonometros,NoiseLevelObserved,T248677-daily,60.5,61.8,63.5,62.6,54.3,2021-10-14
432,2021-10-16T00:00:39.907Z,/sonometros,NoiseLevelObserved,T248677-daily,62.8,62.7,67.5,68.2,59.3,2021-10-15
433,2021-10-17T00:00:42.480Z,/sonometros,NoiseLevelObserved,T248677-daily,63.8,64.0,68.5,68.2,60.6,2021-10-16
434,2021-10-18T00:00:45.260Z,/sonometros,NoiseLevelObserved,T248677-daily,59.2,59.3,64.8,61.1,58.2,2021-10-17
435,2021-10-19T00:00:47.134Z,/sonometros,NoiseLevelObserved,T248677-daily,60.7,62.2,63.2,61.8,53.5,2021-10-18
436,2021-10-20T00:00:49.543Z,/sonometros,NoiseLevelObserved,T248677-daily,61.1,62.5,63.8,63.3,53.9,2021-10-19
437,2021-10-21T00:00:51.785Z,/sonometros,NoiseLevelObserved,T248677-daily,60.7,62.1,63.7,62.9,54.2,2021-10-20
438,2021-10-22T00:01:02.101Z,/sonometros,NoiseLevelObserved,T248677-daily,61.2,62.4,64.2,63.7,54.7,2021-10-21
439,2021-10-23T00:00:57.17Z,/sonometros,NoiseLevelObserved,T248677-daily,63.3,63.0,68.6,68.2,61.2,2021-10-22
440,2021-10-24T00:00:58.759Z,/sonometros,NoiseLevelObserved,T248677-daily,64.2,65.3,68.0,66.4,59.7,2021-10-23
441,2021-10-25T00:00:03.262Z,/sonometros,NoiseLevelObserved,T248677-daily,59.8,60.6,64.8,59.8,58.0,2021-10-24
442,2021-10-26T00:00:05.788Z,/sonometros,NoiseLevelObserved,T248677-daily,60.7,62.2,63.1,61.3,53.4,2021-10-25
443,2021-10-27T00:00:07.339Z,/sonometros,NoiseLevelObserved,T248677-daily,60.5,62.0,63.2,62.1,53.5,2021-10-26
444,2021-10-28T00:00:09.187Z,/sonometros,NoiseLevelObserved,T248677-daily,61.1,62.4,64.1,63.2,54.8,2021-10-27
477,2021-10-29T00:00:11.630Z,/sonometros,NoiseLevelObserved,T248677-daily,60.7,62.0,63.5,62.6,54.1,2021-10-28
478,2021-10-30T00:00:02.172Z,/sonometros,NoiseLevelObserved,T248677-daily,62.8,62.6,67.3,68.4,58.8,2021-10-29
511,2021-10-31T00:00:03.902Z,/sonometros,NoiseLevelObserved,T248677-daily,61.9,62.3,66.4,65.7,58.5,2021-10-30
512,2021-11-01T03:50:05.793Z,/sonometros,NoiseLevelObserved,T248677-daily,62.4,62.3,67.7,67.0,60.1,2021-10-31
545,2021-11-02T09:11:09.301Z,/sonometros,NoiseLevelObserved,T248677-daily,59.6,59.2,66.1,60.7,59.9,2021-11-01
578,2021-11-03T00:00:11.314Z,/sonometros,NoiseLevelObserved,T248677-daily,62.8,64.9,64.0,58.3,52.1,2021-11-02
611,2021-11-04T00:00:13.912Z,/sonometros,NoiseLevelObserved,T248677-daily,60.8,62.6,63.0,59.6,53.3,2021-11-03
644,2021-11-05T00:00:15.607Z,/sonometros,NoiseLevelObserved,T248677-daily,60.7,62.4,62.9,60.0,53.1,2021-11-04
677,2021-11-06T00:00:17.709Z,/sonometros,NoiseLevelObserved,T248677-daily,61.9,63.1,64.7,65.2,54.1,2021-11-05
678,2021-11-07T00:00:19.769Z,/sonometros,NoiseLevelObserved,T248677-daily,62.7,63.6,67.0,65.0,59.3,2021-11-06
679,2021-11-08T00:00:20.970Z,/sonometros,NoiseLevelObserved,T248677-daily,59.0,59.8,64.4,57.0,57.9,2021-11-07
680,2021-11-09T00:00:24.117Z,/sonometros,NoiseLevelObserved,T248677-daily,60.8,62.7,62.6,58.5,52.3,2021-11-08
681,2021-11-10T00:00:25.854Z,/sonometros,NoiseLevelObserved,T248677-daily,60.2,61.9,62.3,59.6,52.1,2021-11-09
714,2021-11-11T00:00:27.538Z,/sonometros,NoiseLevelObserved,T248677-daily,59.9,61.6,62.5,59.8,53.2,2021-11-10
715,2021-11-12T00:00:29.845Z,/sonometros,NoiseLevelObserved,T248677-daily,60.9,62.4,63.7,61.8,54.4,2021-11-11
716,2021-11-13T00:00:32.52Z,/sonometros,NoiseLevelObserved,T248677-daily,62.8,63.2,66.4,68.2,56.3,2021-11-12
717,2021-11-14T00:00:34.330Z,/sonometros,NoiseLevelObserved,T248677-daily,64.2,64.9,68.4,67.2,60.5,2021-11-13
718,2021-11-15T00:00:36.510Z,/sonometros,NoiseLevelObserved,T248677-daily,59.7,60.6,64.7,57.6,58.1,2021-11-14
719,2021-11-16T00:00:38.752Z,/sonometros,NoiseLevelObserved,T248677-daily,59.2,60.8,61.5,59.5,51.7,2021-11-15
720,2021-11-17T00:00:51.729Z,/sonometros,NoiseLevelObserved,T248677-daily,59.9,61.5,62.5,60.0,53.2,2021-11-16
721,2021-11-18T00:00:42.980Z,/sonometros,NoiseLevelObserved,T248677-daily,60.3,61.7,63.3,60.4,54.8,2021-11-17
722,2021-11-19T00:00:45.97Z,/sonometros,NoiseLevelObserved,T248677-daily,61.3,62.9,63.6,61.1,54.0,2021-11-18
723,2021-11-20T00:00:47.351Z,/sonometros,NoiseLevelObserved,T248677-daily,62.7,63.7,65.9,66.1,56.5,2021-11-19
724,2021-11-21T00:01:49.554Z,/sonometros,NoiseLevelObserved,T248677-daily,61.6,62.2,66.0,64.1,58.5,2021-11-20
725,2021-11-22T00:01:07.45Z,/sonometros,NoiseLevelObserved,T248677-daily,59.5,60.3,64.7,57.9,58.1,2021-11-21
726,2021-11-23T00:00:53.777Z,/sonometros,NoiseLevelObserved,T248677-daily,62.4,64.1,64.3,63.2,52.8,2021-11-22
727,2021-11-24T00:00:56.21Z,/sonometros,NoiseLevelObserved,T248677-daily,61.3,63.1,63.7,59.2,54.6,2021-11-23
760,2021-11-25T00:00:58.145Z,/sonometros,NoiseLevelObserved,T248677-daily,62.5,64.5,64.1,59.6,53.2,2021-11-24
761,2021-11-26T00:00:29.332Z,/sonometros,NoiseLevelObserved,T248677-daily,60.3,61.9,63.0,60.7,53.6,2021-11-25
762,2021-11-27T00:00:03.119Z,/sonometros,NoiseLevelObserved,T248677-daily,61.0,62.0,64.8,64.2,56.2,2021-11-26
763,2021-11-28T00:00:05.152Z,/sonometros,NoiseLevelObserved,T248677-daily,62.1,63.5,65.5,62.6,57.3,2021-11-27
764,2021-11-29T00:00:07.456Z,/sonometros,NoiseLevelObserved,T248677-daily,58.4,59.6,62.6,56.9,55.4,2021-11-28
765,2021-11-30T00:00:10.945Z,/sonometros,NoiseLevelObserved,T248677-daily,60.2,62.0,62.4,58.7,52.7,2021-11-29
766,2021-12-01T00:00:11.873Z,/sonometros,NoiseLevelObserved,T248677-daily,60.6,62.2,63.1,59.8,54.0,2021-11-30
767,2021-12-02T00:00:13.723Z,/sonometros,NoiseLevelObserved,T248677-daily,61.0,62.8,63.3,59.9,53.7,2021-12-01
768,2021-12-03T00:00:15.756Z,/sonometros,NoiseLevelObserved,T248677-daily,62.7,64.7,64.4,60.0,53.5,2021-12-02
769,2021-12-04T00:00:17.905Z,/sonometros,NoiseLevelObserved,T248677-daily,62.1,62.9,65.2,66.5,54.9,2021-12-03
770,2021-12-05T00:01:20.19Z,/sonometros,NoiseLevelObserved,T248677-daily,61.9,63.2,65.3,63.1,56.8,2021-12-04
771,2021-12-06T00:00:21.357Z,/sonometros,NoiseLevelObserved,T248677-daily,58.9,59.2,64.3,60.8,57.5,2021-12-05
772,2021-12-07T00:00:23.79Z,/sonometros,NoiseLevelObserved,T248677-daily,59.9,61.4,62.7,60.6,53.5,2021-12-06
773,2021-12-08T00:00:25.302Z,/sonometros,NoiseLevelObserved,T248677-daily,60.2,61.7,62.8,60.8,53.5,2021-12-07
774,2021-12-09T00:00:28.690Z,/sonometros,NoiseLevelObserved,T248677-daily,59.4,60.7,63.5,57.4,56.2,2021-12-08
775,2021-12-10T00:00:29.484Z,/sonometros,NoiseLevelObserved,T248677-daily,62.5,64.5,63.9,59.3,52.6,2021-12-09
776,2021-12-11T00:00:31.578Z,/sonometros,NoiseLevelObserved,T248677-daily,62.2,63.3,65.3,65.5,55.6,2021-12-10
777,2021-12-12T00:00:33.910Z,/sonometros,NoiseLevelObserved,T248677-daily,62.9,63.6,67.2,66.2,59.3,2021-12-11
778,2021-12-13T00:00:36.462Z,/sonometros,NoiseLevelObserved,T248677-daily,59.0,59.9,63.8,58.4,56.9,2021-12-12
811,2021-12-14T00:00:38.86Z,/sonometros,NoiseLevelObserved,T248677-daily,60.7,62.4,63.0,59.9,53.5,2021-12-13
812,2021-12-15T00:00:42.437Z,/sonometros,NoiseLevelObserved,T248677-daily,59.9,61.4,62.6,60.1,53.5,2021-12-14
813,2021-12-16T00:00:42.136Z,/sonometros,NoiseLevelObserved,T248677-daily,60.9,62.6,63.4,60.7,53.9,2021-12-15
814,2021-12-17T00:00:44.286Z,/sonometros,NoiseLevelObserved,T248677-daily,60.9,62.4,63.9,61.1,55.1,2021-12-16
815,2021-12-18T00:00:46.537Z,/sonometros,NoiseLevelObserved,T248677-daily,62.7,62.9,67.0,67.8,58.4,2021-12-17
816,2021-12-19T00:00:48.518Z,/sonometros,NoiseLevelObserved,T248677-daily,61.1,61.5,65.8,65.0,58.1,2021-12-18
817,2021-12-20T00:00:50.671Z,/sonometros,NoiseLevelObserved,T248677-daily,59.5,60.1,64.7,59.2,58.1,2021-12-19
818,2021-12-21T00:00:52.654Z,/sonometros,NoiseLevelObserved,T248677-daily,61.4,62.6,64.3,64.7,54.0,2021-12-20
819,2021-12-22T00:00:56.87Z,/sonometros,NoiseLevelObserved,T248677-daily,60.6,61.8,64.0,62.8,55.2,2021-12-21
820,2021-12-23T00:00:56.953Z,/sonometros,NoiseLevelObserved,T248677-daily,62.0,63.5,64.5,63.7,54.4,2021-12-22
821,2021-12-24T00:00:01.436Z,/sonometros,NoiseLevelObserved,T248677-daily,61.8,63.1,65.0,63.5,56.1,2021-12-23
822,2021-12-25T00:00:44.743Z,/sonometros,NoiseLevelObserved,T248677-daily,60.7,62.0,63.7,62.8,54.4,2021-12-24
823,2021-12-26T00:00:05.435Z,/sonometros,NoiseLevelObserved,T248677-daily,57.8,58.2,62.7,60.7,55.5,2021-12-25
824,2021-12-27T00:00:06.744Z,/sonometros,NoiseLevelObserved,T248677-daily,58.4,59.7,62.0,59.4,53.9,2021-12-26
825,2021-12-28T00:00:09.192Z,/sonometros,NoiseLevelObserved,T248677-daily,59.5,61.1,62.3,58.3,53.6,2021-12-27
826,2021-12-29T00:00:11.221Z,/sonometros,NoiseLevelObserved,T248677-daily,60.0,61.2,63.1,62.2,53.9,2021-12-28
827,2021-12-30T00:00:13.677Z,/sonometros,NoiseLevelObserved,T248677-daily,60.8,61.7,64.1,64.8,54.3,2021-12-29
828,2022-01-05T16:02:26.816Z,/sonometros,NoiseLevelObserved,T248677-daily,59.9,61.4,62.6,60.1,53.5,2022-01-04
829,2022-01-06T00:00:27.262Z,/sonometros,NoiseLevelObserved,T248677-daily,60.5,61.9,63.2,62.4,53.5,2022-01-05
830,2022-01-07T00:00:29.576Z,/sonometros,NoiseLevelObserved,T248677-daily,57.9,59.1,62.0,58.1,54.5,2022-01-06
831,2022-01-08T00:00:31.385Z,/sonometros,NoiseLevelObserved,T248677-daily,61.2,62.1,64.9,64.5,56.3,2022-01-07
832,2022-01-09T00:00:33.458Z,/sonometros,NoiseLevelObserved,T248677-daily,62.4,63.7,65.3,64.4,56.0,2022-01-08
833,2022-01-10T00:00:44.661Z,/sonometros,NoiseLevelObserved,T248677-daily,59.1,60.7,62.3,57.6,54.2,2022-01-09
834,2022-01-11T00:00:37.623Z,/sonometros,NoiseLevelObserved,T248677-daily,60.6,62.5,62.8,58.2,53.2,2022-01-10
835,2022-01-12T00:00:43.574Z,/sonometros,NoiseLevelObserved,T248677-daily,61.2,62.5,63.7,63.7,53.0,2022-01-11
836,2022-01-13T00:00:43.307Z,/sonometros,NoiseLevelObserved,T248677-daily,60.2,61.7,63.1,60.4,54.2,2022-01-12
837,2022-01-14T00:00:45.600Z,/sonometros,NoiseLevelObserved,T248677-daily,61.7,63.4,64.2,61.5,54.7,2022-01-13
838,2022-01-15T00:00:46.237Z,/sonometros,NoiseLevelObserved,T248677-daily,61.6,62.5,64.9,65.5,55.2,2022-01-14
839,2022-01-16T00:00:49.905Z,/sonometros,NoiseLevelObserved,T248677-daily,64.6,66.5,66.5,62.2,56.4,2022-01-15
840,2022-01-17T00:00:49.984Z,/sonometros,NoiseLevelObserved,T248677-daily,59.4,60.8,63.0,58.3,55.2,2022-01-16
841,2022-01-18T00:00:52.683Z,/sonometros,NoiseLevelObserved,T248677-daily,59.3,61.0,61.7,58.5,52.3,2022-01-17
842,2022-01-19T00:00:54.18Z,/sonometros,NoiseLevelObserved,T248677-daily,60.0,61.4,62.7,62.2,52.8,2022-01-18
843,2022-01-20T00:00:55.945Z,/sonometros,NoiseLevelObserved,T248677-daily,60.5,62.1,63.0,61.1,53.2,2022-01-19
844,2022-01-21T00:00:59.508Z,/sonometros,NoiseLevelObserved,T248677-daily,61.3,63.0,63.4,60.0,53.5,2022-01-20
845,2022-01-22T00:00:01.195Z,/sonometros,NoiseLevelObserved,T248677-daily,61.9,63.4,64.5,63.3,54.6,2022-01-21
846,2022-01-23T00:00:03.433Z,/sonometros,NoiseLevelObserved,T248677-daily,63.1,64.3,66.3,64.9,57.6,2022-01-22
847,2022-01-24T00:00:06.936Z,/sonometros,NoiseLevelObserved,T248677-daily,59.9,61.1,64.3,58.7,57.2,2022-01-23
848,2022-01-25T00:00:07.637Z,/sonometros,NoiseLevelObserved,T248677-daily,61.1,62.9,63.4,58.7,54.2,2022-01-24
849,2022-01-26T00:00:09.991Z,/sonometros,NoiseLevelObserved,T248677-daily,60.7,62.3,63.5,60.2,54.6,2022-01-25
850,2022-01-27T00:00:11.372Z,/sonometros,NoiseLevelObserved,T248677-daily,60.3,62.0,62.9,59.9,53.7,2022-01-26
883,2022-01-28T00:00:17.100Z,/sonometros,NoiseLevelObserved,T248677-daily,61.3,63.0,63.8,60.5,54.5,2022-01-27
884,2022-01-29T00:00:22.582Z,/sonometros,NoiseLevelObserved,T248677-daily,61.2,62.3,64.4,64.7,54.8,2022-01-28
885,2022-01-30T00:00:18.94Z,/sonometros,NoiseLevelObserved,T248677-daily,62.3,63.8,65.0,63.3,55.6,2022-01-29
886,2022-01-31T00:00:19.479Z,/sonometros,NoiseLevelObserved,T248677-daily,59.1,60.2,63.4,58.9,56.2,2022-01-30
887,2022-02-01T00:00:20.465Z,/sonometros,NoiseLevelObserved,T248677-daily,59.5,61.2,61.9,58.4,52.6,2022-01-31
888,2022-02-02T00:00:22.645Z,/sonometros,NoiseLevelObserved,T248677-daily,60.1,61.8,62.3,59.9,52.2,2022-02-01
889,2022-02-03T00:01:24.838Z,/sonometros,NoiseLevelObserved,T248677-daily,60.6,62.0,63.7,61.9,54.9,2022-02-02
890,2022-02-04T00:00:27.44Z,/sonometros,NoiseLevelObserved,T248677-daily,61.2,62.7,63.6,62.2,53.6,2022-02-03
891,2022-02-05T00:00:29.358Z,/sonometros,NoiseLevelObserved,T248677-daily,62.9,64.2,65.6,65.3,55.7,2022-02-04
892,2022-02-06T00:00:31.437Z,/sonometros,NoiseLevelObserved,T248677-daily,64.8,66.4,67.2,64.2,57.9,2022-02-05
893,2022-02-07T00:00:33.680Z,/sonometros,NoiseLevelObserved,T248677-daily,60.8,62.1,64.6,58.9,57.2,2022-02-06
894,2022-02-08T00:00:35.615Z,/sonometros,NoiseLevelObserved,T248677-daily,60.6,62.4,62.9,59.2,53.2,2022-02-07
895,2022-02-09T00:00:37.961Z,/sonometros,NoiseLevelObserved,T248677-daily,60.3,61.9,62.9,60.7,53.4,2022-02-08
896,2022-02-10T00:00:39.882Z,/sonometros,NoiseLevelObserved,T248677-daily,60.6,62.1,63.4,61.2,54.3,2022-02-09
897,2022-02-11T00:00:52.379Z,/sonometros,NoiseLevelObserved,T248677-daily,61.0,62.6,63.4,61.9,53.4,2022-02-10
898,2022-02-12T00:00:44.238Z,/sonometros,NoiseLevelObserved,T248677-daily,62.5,63.8,65.8,64.7,56.8,2022-02-11
899,2022-02-13T00:00:46.187Z,/sonometros,NoiseLevelObserved,T248677-daily,62.3,63.1,66.1,65.9,57.5,2022-02-12
900,2022-02-14T00:00:48.334Z,/sonometros,NoiseLevelObserved,T248677-daily,60.0,61.2,64.0,58.4,56.7,2022-02-13
901,2022-02-15T00:00:50.626Z,/sonometros,NoiseLevelObserved,T248677-daily,59.8,61.6,62.2,58.0,52.8,2022-02-14
902,2022-02-16T00:00:52.703Z,/sonometros,NoiseLevelObserved,T248677-daily,59.5,60.9,62.3,61.1,52.9,2022-02-15
903,2022-02-17T00:00:58.484Z,/sonometros,NoiseLevelObserved,T248677-daily,59.7,61.1,62.6,60.8,53.5,2022-02-16
904,2022-02-18T00:00:57.296Z,/sonometros,NoiseLevelObserved,T248677-daily,61.5,63.1,63.9,62.8,53.5,2022-02-17
905,2022-02-19T00:00:00.596Z,/sonometros,NoiseLevelObserved,T248677-daily,63.5,64.5,67.1,66.7,58.2,2022-02-18
906,2022-02-20T00:01:01.422Z,/sonometros,NoiseLevelObserved,T248677-daily,62.6,63.6,66.5,64.1,58.7,2022-02-19
907,2022-02-21T00:00:14.566Z,/sonometros,NoiseLevelObserved,T248677-daily,60.1,61.2,64.6,59.4,57.5,2022-02-20
908,2022-02-22T00:00:14.760Z,/sonometros,NoiseLevelObserved,T248677-daily,60.5,62.5,62.4,56.9,52.2,2022-02-21
909,2022-02-23T00:00:09.276Z,/sonometros,NoiseLevelObserved,T248677-daily,60.0,61.4,62.7,61.8,52.9,2022-02-22
910,2022-02-24T00:00:11.445Z,/sonometros,NoiseLevelObserved,T248677-daily,60.8,62.4,63.6,61.5,54.3,2022-02-23
911,2022-02-25T00:00:12.466Z,/sonometros,NoiseLevelObserved,T248677-daily,61.3,62.9,64.0,61.5,54.7,2022-02-24
912,2022-02-26T00:00:17.259Z,/sonometros,NoiseLevelObserved,T248677-daily,65.7,67.0,68.4,68.2,58.2,2022-02-25
913,2022-02-27T00:00:20.48Z,/sonometros,NoiseLevelObserved,T248677-daily,62.8,64.0,66.5,64.3,58.3,2022-02-26
914,2022-02-28T00:00:19.774Z,/sonometros,NoiseLevelObserved,T248677-daily,64.1,66.0,66.2,60.0,56.7,2022-02-27
915,2022-03-01T00:25:23.385Z,/sonometros,NoiseLevelObserved,T248677-daily,60.9,62.6,63.5,59.8,54.4,2022-02-28
916,2022-03-02T00:00:23.586Z,/sonometros,NoiseLevelObserved,T248677-daily,60.8,62.3,63.6,61.3,54.6,2022-03-01
917,2022-03-03T00:00:25.296Z,/sonometros,NoiseLevelObserved,T248677-daily,64.5,66.3,66.3,64.5,54.8,2022-03-02
918,2022-03-04T00:00:29.19Z,/sonometros,NoiseLevelObserved,T248677-daily,65.0,66.8,66.6,64.1,55.0,2022-03-03
919,2022-03-05T00:00:29.663Z,/sonometros,NoiseLevelObserved,T248677-daily,63.3,64.3,66.9,65.6,58.5,2022-03-04
920,2022-03-06T00:00:34.394Z,/sonometros,NoiseLevelObserved,T248677-daily,64.1,65.3,68.0,65.2,60.2,2022-03-05
921,2022-03-07T00:00:34.60Z,/sonometros,NoiseLevelObserved,T248677-daily,62.4,63.2,67.8,59.1,61.3,2022-03-06
954,2022-03-08T00:00:35.774Z,/sonometros,NoiseLevelObserved,T248677-daily,62.8,63.6,68.2,60.1,61.7,2022-03-07
955,2022-03-09T00:00:39.409Z,/sonometros,NoiseLevelObserved,T248677-daily,61.4,63.0,63.8,61.2,54.2,2022-03-08
956,2022-03-10T00:00:39.978Z,/sonometros,NoiseLevelObserved,T248677-daily,67.5,68.8,71.1,67.5,63.3,2022-03-09
957,2022-03-11T00:00:53.703Z,/sonometros,NoiseLevelObserved,T248677-daily,69.1,63.5,73.9,79.0,59.2,2022-03-10
958,2022-03-12T00:00:49.466Z,/sonometros,NoiseLevelObserved,T248677-daily,69.7,71.1,73.4,69.3,65.5,2022-03-11
959,2022-03-13T00:00:49.577Z,/sonometros,NoiseLevelObserved,T248677-daily,72.3,72.6,77.3,75.8,69.9,2022-03-12
960,2022-03-14T00:00:48.659Z,/sonometros,NoiseLevelObserved,T248677-daily,76.9,74.4,85.3,71.4,79.8,2022-03-13
961,2022-03-15T00:00:50.884Z,/sonometros,NoiseLevelObserved,T248677-daily,70.6,68.3,74.6,79.4,57.9,2022-03-14
962,2022-03-16T00:00:56.424Z,/sonometros,NoiseLevelObserved,T248677-daily,70.3,71.3,73.2,74.6,62.0,2022-03-15
963,2022-03-17T00:00:55.624Z,/sonometros,NoiseLevelObserved,T248677-daily,85.3,81.1,94.2,75.1,88.9,2022-03-16
964,2022-03-18T00:00:57.825Z,/sonometros,NoiseLevelObserved,T248677-daily,74.4,70.7,83.1,72.6,77.6,2022-03-17
965,2022-03-19T00:00:01.440Z,/sonometros,NoiseLevelObserved,T248677-daily,82.0,82.4,88.3,77.2,82.2,2022-03-18
966,2022-03-20T00:00:02.627Z,/sonometros,NoiseLevelObserved,T248677-daily,85.9,86.9,91.0,81.3,84.5,2022-03-19
967,2022-03-21T00:00:04.789Z,/sonometros,NoiseLevelObserved,T248677-daily,73.8,63.6,83.5,58.6,78.3,2022-03-20
968,2022-03-22T00:00:10.243Z,/sonometros,NoiseLevelObserved,T248677-daily,62.3,64.1,64.6,61.2,54.9,2022-03-21
969,2022-03-23T00:00:09.43Z,/sonometros,NoiseLevelObserved,T248677-daily,61.7,63.3,64.6,59.4,56.2,2022-03-22
970,2022-03-24T00:00:14.343Z,/sonometros,NoiseLevelObserved,T248677-daily,61.9,63.7,64.2,61.2,54.5,2022-03-23
971,2022-03-25T00:00:13.98Z,/sonometros,NoiseLevelObserved,T248677-daily,62.2,63.9,64.7,60.6,55.6,2022-03-24
972,2022-03-26T00:01:42.184Z,/sonometros,NoiseLevelObserved,T248677-daily,61.4,62.8,64.8,62.6,56.4,2022-03-25
973,2022-03-27T00:00:43.890Z,/sonometros,NoiseLevelObserved,T248677-daily,60.7,61.3,65.4,63.3,58.1,2022-03-26
974,2022-03-28T00:00:49.34Z,/sonometros,NoiseLevelObserved,T248677-daily,60.3,61.4,64.3,58.7,57.3,2022-03-27
975,2022-03-29T00:01:46.962Z,/sonometros,NoiseLevelObserved,T248677-daily,59.8,61.5,62.4,59.2,53.3,2022-03-28
976,2022-03-30T00:00:48.953Z,/sonometros,NoiseLevelObserved,T248677-daily,61.2,62.9,63.4,60.4,53.6,2022-03-29
977,2022-03-31T00:00:51.463Z,/sonometros,NoiseLevelObserved,T248677-daily,60.5,62.0,63.2,61.3,53.8,2022-03-30
978,2022-04-01T00:00:54.747Z,/sonometros,NoiseLevelObserved,T248677-daily,60.7,61.9,64.4,61.3,56.6,2022-03-31
979,2022-04-02T00:00:55.489Z,/sonometros,NoiseLevelObserved,T248677-daily,60.5,61.5,64.1,63.7,55.3,2022-04-01
980,2022-04-03T00:00:57.791Z,/sonometros,NoiseLevelObserved,T248677-daily,62.4,63.8,65.6,62.8,57.2,2022-04-02
981,2022-04-04T00:00:02.516Z,/sonometros,NoiseLevelObserved,T248677-daily,58.3,59.4,62.5,58.5,55.1,2022-04-03
982,2022-04-05T00:00:01.885Z,/sonometros,NoiseLevelObserved,T248677-daily,61.9,63.8,63.7,58.8,53.6,2022-04-04
983,2022-04-06T00:00:06.631Z,/sonometros,NoiseLevelObserved,T248677-daily,60.2,61.9,62.6,60.7,52.7,2022-04-05
984,2022-04-07T00:00:18.327Z,/sonometros,NoiseLevelObserved,T248677-daily,61.4,62.5,65.8,60.1,58.8,2022-04-06
985,2022-04-08T00:00:09.796Z,/sonometros,NoiseLevelObserved,T248677-daily,61.0,62.3,63.8,63.6,53.9,2022-04-07
986,2022-04-09T00:00:12.420Z,/sonometros,NoiseLevelObserved,T248677-daily,62.7,63.3,66.3,67.4,56.6,2022-04-08
987,2022-04-10T00:00:14.407Z,/sonometros,NoiseLevelObserved,T248677-daily,61.7,62.0,66.4,65.2,58.9,2022-04-09
988,2022-04-11T00:00:16.618Z,/sonometros,NoiseLevelObserved,T248677-daily,59.7,60.2,65.3,59.3,58.9,2022-04-10
989,2022-04-12T00:01:18.767Z,/sonometros,NoiseLevelObserved,T248677-daily,60.5,62.0,63.2,61.0,54.0,2022-04-11
990,2022-04-13T00:00:36.279Z,/sonometros,NoiseLevelObserved,T248677-daily,60.9,62.3,64.6,59.5,57.0,2022-04-12
991,2022-04-14T00:01:22.79Z,/sonometros,NoiseLevelObserved,T248677-daily,62.2,63.8,64.6,62.7,54.8,2022-04-13
992,2022-04-15T00:00:24.12Z,/sonometros,NoiseLevelObserved,T248677-daily,59.2,59.9,63.8,61.4,56.4,2022-04-14
993,2022-04-16T00:00:26.409Z,/sonometros,NoiseLevelObserved,T248677-daily,58.8,59.0,63.6,63.2,55.9,2022-04-15
994,2022-04-17T00:00:29.106Z,/sonometros,NoiseLevelObserved,T248677-daily,61.3,62.4,65.0,63.7,56.7,2022-04-16
995,2022-04-18T00:00:31.282Z,/sonometros,NoiseLevelObserved,T248677-daily,58.1,58.4,63.1,61.6,55.7,2022-04-17
996,2022-04-19T00:00:33.443Z,/sonometros,NoiseLevelObserved,T248677-daily,58.6,60.1,61.6,59.0,52.9,2022-04-18
997,2022-04-20T00:00:35.710Z,/sonometros,NoiseLevelObserved,T248677-daily,60.3,61.9,63.1,57.9,54.6,2022-04-19
998,2022-04-21T00:00:37.903Z,/sonometros,NoiseLevelObserved,T248677-daily,61.5,63.3,63.7,61.0,53.7,2022-04-20
