﻿_id,recvTime,fiwareServicePath,entityType,entityId,LAeq,LAeq_d,LAeq_den,LAeq_e,LAeq_n,dateObserved
1,2020-11-18T13:40:52.283Z,/sonometros,NoiseLevelObserved,T248678-daily,56.9,58.8,58.7,55.8,47.8,2020-11-17
2,2020-11-19T00:00:05.65Z,/sonometros,NoiseLevelObserved,T248678-daily,55.9,57.4,58.4,56.7,48.7,2020-11-18
3,2020-11-20T00:00:15.169Z,/sonometros,NoiseLevelObserved,T248678-daily,56.4,57.9,59.0,58.0,49.0,2020-11-19
4,2020-11-21T00:00:17.43Z,/sonometros,NoiseLevelObserved,T248678-daily,57.6,57.8,61.6,63.2,52.2,2020-11-20
5,2020-11-22T00:00:19.704Z,/sonometros,NoiseLevelObserved,T248678-daily,59.4,59.9,63.1,64.3,53.5,2020-11-21
6,2020-11-23T00:00:20.746Z,/sonometros,NoiseLevelObserved,T248678-daily,55.1,56.8,57.2,54.2,47.2,2020-11-22
7,2020-11-24T00:00:49.738Z,/sonometros,NoiseLevelObserved,T248678-daily,59.5,61.4,61.0,58.2,49.2,2020-11-23
8,2020-11-25T00:00:50.997Z,/sonometros,NoiseLevelObserved,T248678-daily,55.9,57.6,58.3,54.2,49.1,2020-11-24
9,2020-11-26T00:00:54.24Z,/sonometros,NoiseLevelObserved,T248678-daily,56.7,58.5,58.8,55.4,48.9,2020-11-25
10,2020-09-18 12:40:17.154,/sonometros,NoiseLevelObserved,T248678-daily,56.9,57.8,60.7,60.3,52.1,2020-09-17
11,2020-09-19 00:00:22.152,/sonometros,NoiseLevelObserved,T248678-daily,57.5,57.7,62.5,61.3,55.1,2020-09-18
12,2020-09-20 00:00:24.502,/sonometros,NoiseLevelObserved,T248678-daily,58.4,58.2,63.7,63,56.4,2020-09-19
13,2020-09-21 00:00:26.490,/sonometros,NoiseLevelObserved,T248678-daily,56,57.1,60.5,54.1,53.6,2020-09-20
14,2020-09-22 00:00:28.885,/sonometros,NoiseLevelObserved,T248678-daily,57.9,59.5,60.3,59,50,2020-09-21
15,2020-09-23 00:00:31.84,/sonometros,NoiseLevelObserved,T248678-daily,55.8,57.5,58.1,54,48.8,2020-09-22
16,2020-09-24 00:00:33.380,/sonometros,NoiseLevelObserved,T248678-daily,55.6,57.1,58.4,56.4,49.3,2020-09-23
17,2020-09-25 00:00:35.972,/sonometros,NoiseLevelObserved,T248678-daily,56,57.4,59,57.2,50,2020-09-24
18,2020-09-26 00:00:38.295,/sonometros,NoiseLevelObserved,T248678-daily,57.7,57.9,62.4,62.3,54.4,2020-09-25
19,2020-09-27 00:00:40.29,/sonometros,NoiseLevelObserved,T248678-daily,56.6,56.7,61.9,59.5,55,2020-09-26
20,2020-09-28 00:00:42.61,/sonometros,NoiseLevelObserved,T248678-daily,55.3,55.5,61.3,55.7,55,2020-09-27
21,2020-09-29 00:00:45.568,/sonometros,NoiseLevelObserved,T248678-daily,58.2,59.7,60.9,59.7,51.3,2020-09-28
22,2020-09-30 00:00:46.412,/sonometros,NoiseLevelObserved,T248678-daily,55.6,57.3,58.1,55.8,48.5,2020-09-29
23,2020-10-01 00:00:48.802,/sonometros,NoiseLevelObserved,T248678-daily,56,57.4,59.1,56.6,50.4,2020-09-30
24,2020-10-02 00:00:50.955,/sonometros,NoiseLevelObserved,T248678-daily,55.9,56.9,60.2,57.1,52.7,2020-10-01
25,2020-10-03 00:00:53.101,/sonometros,NoiseLevelObserved,T248678-daily,57.5,58.5,60.9,60.8,51.8,2020-10-02
26,2020-10-04 00:00:55.261,/sonometros,NoiseLevelObserved,T248678-daily,57.1,56.9,62.7,60.9,55.8,2020-10-03
27,2020-10-05 00:00:57.51,/sonometros,NoiseLevelObserved,T248678-daily,54.5,54.5,60.9,54.1,54.7,2020-10-04
28,2020-10-06 00:00:04.799,/sonometros,NoiseLevelObserved,T248678-daily,58.1,59.4,61.2,60.1,52.1,2020-10-05
29,2020-10-07 00:00:06.656,/sonometros,NoiseLevelObserved,T248678-daily,56.1,57.7,58.9,55.6,50.1,2020-10-06
30,2020-10-08 00:00:09.213,/sonometros,NoiseLevelObserved,T248678-daily,58.2,59.9,60.7,57.1,51.4,2020-10-07
31,2020-10-09 00:00:09.358,/sonometros,NoiseLevelObserved,T248678-daily,58.7,59.7,62.3,61.2,53.8,2020-10-08
32,2020-10-10 00:00:10.285,/sonometros,NoiseLevelObserved,T248678-daily,57.6,56.5,63.8,62.3,57.1,2020-10-09
33,2020-10-11 00:00:12.425,/sonometros,NoiseLevelObserved,T248678-daily,56.1,55.7,62,59.8,55.3,2020-10-10
34,2020-10-12 00:00:12.758,/sonometros,NoiseLevelObserved,T248678-daily,53.1,53.2,59.2,54,52.8,2020-10-11
35,2020-10-13 00:00:16.159,/sonometros,NoiseLevelObserved,T248678-daily,53.7,54.8,57.4,55.6,49.3,2020-10-12
36,2020-10-14 00:00:18.81,/sonometros,NoiseLevelObserved,T248678-daily,56.7,58.4,59.2,55.4,50.1,2020-10-13
37,2020-10-15 00:00:51.379,/sonometros,NoiseLevelObserved,T248678-daily,55.9,57.6,58.2,55.6,48.4,2020-10-14
38,2020-10-16 00:00:53.729,/sonometros,NoiseLevelObserved,T248678-daily,56.1,57.3,59.9,57.2,51.9,2020-10-15
39,2020-10-17 00:00:55.953,/sonometros,NoiseLevelObserved,T248678-daily,58.4,58.6,63.3,62.4,55.7,2020-10-16
40,2020-10-18 00:00:57.994,/sonometros,NoiseLevelObserved,T248678-daily,58.2,58.3,63.4,62.3,56.1,2020-10-17
41,2020-10-19 00:00:01.339,/sonometros,NoiseLevelObserved,T248678-daily,54.6,54.9,60.4,54.7,54,2020-10-18
42,2020-10-20 00:00:06.296,/sonometros,NoiseLevelObserved,T248678-daily,57.8,59.5,59.8,57.5,49.5,2020-10-19
43,2020-10-21 00:00:19.581,/sonometros,NoiseLevelObserved,T248678-daily,56.6,58.2,59.1,57.1,49.4,2020-10-20
44,2020-10-22 00:00:09.642,/sonometros,NoiseLevelObserved,T248678-daily,63,65.3,63.7,55,49.5,2020-10-21
45,2020-10-23 00:00:09.166,/sonometros,NoiseLevelObserved,T248678-daily,57.2,58.7,60.3,57.7,51.7,2020-10-22
46,2020-10-24 00:00:11.10,/sonometros,NoiseLevelObserved,T248678-daily,60.4,61.1,64.6,63.6,56.6,2020-10-23
47,2020-10-25 00:00:13.89,/sonometros,NoiseLevelObserved,T248678-daily,57.2,57.1,62.4,61.2,55.2,2020-10-24
48,2020-10-26 00:00:15.971,/sonometros,NoiseLevelObserved,T248678-daily,53.8,54.8,58.8,52.9,51.7,2020-10-25
49,2020-10-27 00:00:17.481,/sonometros,NoiseLevelObserved,T248678-daily,58.4,60.1,60.2,59.8,47.6,2020-10-26
50,2020-10-28 00:00:19.658,/sonometros,NoiseLevelObserved,T248678-daily,56.2,58.1,58,54,47.6,2020-10-27
51,2020-10-29 00:00:20.969,/sonometros,NoiseLevelObserved,T248678-daily,55.7,57.6,57.7,53.9,47.5,2020-10-28
52,2020-10-30 00:00:23.520,/sonometros,NoiseLevelObserved,T248678-daily,57.5,59.2,59.8,57.5,49.9,2020-10-29
53,2020-10-31 00:00:25.539,/sonometros,NoiseLevelObserved,T248678-daily,58.1,59,61.8,61.5,53.1,2020-10-30
54,2020-11-01 00:00:27.999,/sonometros,NoiseLevelObserved,T248678-daily,57.4,58.2,61.1,61.2,52.2,2020-10-31
55,2020-11-02 00:00:30.114,/sonometros,NoiseLevelObserved,T248678-daily,54.1,55.9,56,52.9,45.7,2020-11-01
56,2020-11-03 00:00:31.686,/sonometros,NoiseLevelObserved,T248678-daily,58.4,60,60.6,59.1,50.1,2020-11-02
57,2020-11-04 00:00:34.334,/sonometros,NoiseLevelObserved,T248678-daily,58.1,60.2,59.4,54.6,47.4,2020-11-03
58,2020-11-05 00:01:35.928,/sonometros,NoiseLevelObserved,T248678-daily,57,57.4,62.2,58.8,55.4,2020-11-04
59,2020-11-06 00:00:37.347,/sonometros,NoiseLevelObserved,T248678-daily,62,63.3,66.5,54.8,59.7,2020-11-05
60,2020-11-07 00:00:40.361,/sonometros,NoiseLevelObserved,T248678-daily,57.8,58.6,61.6,61,53.1,2020-11-06
61,2020-11-08 00:00:42.725,/sonometros,NoiseLevelObserved,T248678-daily,58.9,59.2,63.7,62.9,56,2020-11-07
62,2020-11-09 00:00:43.573,/sonometros,NoiseLevelObserved,T248678-daily,53.8,54.8,57.7,56.7,49.4,2020-11-08
63,2020-11-10 00:00:45.990,/sonometros,NoiseLevelObserved,T248678-daily,58.4,60.1,60.4,59.5,48.8,2020-11-09
64,2020-11-11 00:00:47.377,/sonometros,NoiseLevelObserved,T248678-daily,55.3,57.1,57.7,53.5,48.3,2020-11-10
65,2020-11-12 00:00:49.812,/sonometros,NoiseLevelObserved,T248678-daily,56.7,58.2,59.7,56.9,51,2020-11-11
66,2020-11-13 00:00:52.474,/sonometros,NoiseLevelObserved,T248678-daily,55.6,57.1,58.4,56.4,49.1,2020-11-12
67,2020-11-14 00:00:53.492,/sonometros,NoiseLevelObserved,T248678-daily,57.9,58.6,61.5,62,52.4,2020-11-13
68,2020-11-15 00:00:55.783,/sonometros,NoiseLevelObserved,T248678-daily,58.6,59.4,62,62.4,52.6,2020-11-14
69,2020-11-16 00:00:58.429,/sonometros,NoiseLevelObserved,T248678-daily,55.6,57.5,57.5,54.6,46.6,2020-11-15
70,2020-11-17 00:00:00.648,/sonometros,NoiseLevelObserved,T248678-daily,58.8,60.4,61.4,59,52,2020-11-16
71,2020-11-27T00:00:55.535Z,/sonometros,NoiseLevelObserved,T248678-daily,56.1,57.9,58.3,54.1,48.8,2020-11-26
72,2020-11-28T00:00:57.377Z,/sonometros,NoiseLevelObserved,T248678-daily,67.6,69.9,67.8,53.5,49.5,2020-11-27
73,2020-11-29T00:00:03.569Z,/sonometros,NoiseLevelObserved,T248678-daily,56.7,57.6,60.4,59.7,51.8,2020-11-28
74,2020-11-30T00:00:02.591Z,/sonometros,NoiseLevelObserved,T248678-daily,53.7,55.3,55.9,54.0,45.7,2020-11-29
75,2020-12-01T00:00:03.868Z,/sonometros,NoiseLevelObserved,T248678-daily,58.4,60.3,60.3,57.5,49.5,2020-11-30
76,2020-12-02T02:05:16.715Z,/sonometros,NoiseLevelObserved,T248678-daily,55.8,57.6,58.1,54.2,48.5,2020-12-01
77,2020-12-03T00:00:10.593Z,/sonometros,NoiseLevelObserved,T248678-daily,55.2,56.9,57.7,54.6,48.3,2020-12-02
78,2020-12-04T00:01:09.858Z,/sonometros,NoiseLevelObserved,T248678-daily,68.4,70.7,68.6,54.6,50.3,2020-12-03
79,2020-12-05T00:00:12.92Z,/sonometros,NoiseLevelObserved,T248678-daily,56.5,57.5,60.2,59.4,51.7,2020-12-04
80,2020-12-06T00:00:13.29Z,/sonometros,NoiseLevelObserved,T248678-daily,57.4,57.6,62.8,60.0,56.0,2020-12-05
81,2020-12-07T00:00:14.808Z,/sonometros,NoiseLevelObserved,T248678-daily,54.2,55.0,59.0,54.3,52.1,2020-12-06
82,2020-12-08T00:00:17.88Z,/sonometros,NoiseLevelObserved,T248678-daily,58.5,60.1,60.7,59.3,50.3,2020-12-07
83,2020-12-09T00:00:18.263Z,/sonometros,NoiseLevelObserved,T248678-daily,54.4,54.8,58.1,59.6,48.5,2020-12-08
84,2020-12-10T00:00:20.773Z,/sonometros,NoiseLevelObserved,T248678-daily,56.3,57.4,58.9,60.0,47.7,2020-12-09
85,2020-12-11T00:00:23.88Z,/sonometros,NoiseLevelObserved,T248678-daily,57.4,57.9,61.1,61.9,52.0,2020-12-10
86,2020-12-12T00:00:23.732Z,/sonometros,NoiseLevelObserved,T248678-daily,57.8,58.8,62.3,60.7,53.9,2020-12-11
87,2020-12-13T00:00:25.847Z,/sonometros,NoiseLevelObserved,T248678-daily,59.0,60.4,61.7,60.9,51.9,2020-12-12
88,2020-12-14T00:00:27.313Z,/sonometros,NoiseLevelObserved,T248678-daily,53.6,55.1,56.6,54.1,47.9,2020-12-13
89,2020-12-15T00:00:29.362Z,/sonometros,NoiseLevelObserved,T248678-daily,58.5,60.3,60.5,57.8,50.2,2020-12-14
90,2020-12-16T00:00:31.630Z,/sonometros,NoiseLevelObserved,T248678-daily,55.9,57.5,58.7,54.5,50.0,2020-12-15
91,2020-12-17T00:00:33.613Z,/sonometros,NoiseLevelObserved,T248678-daily,55.2,56.8,57.8,55.1,48.5,2020-12-16
92,2020-12-18T00:00:35.240Z,/sonometros,NoiseLevelObserved,T248678-daily,56.2,57.6,59.2,57.3,50.2,2020-12-17
93,2020-12-19T00:00:36.771Z,/sonometros,NoiseLevelObserved,T248678-daily,58.6,59.6,62.0,61.7,53.0,2020-12-18
94,2020-12-20T00:00:39.877Z,/sonometros,NoiseLevelObserved,T248678-daily,59.4,60.4,62.5,63.2,52.5,2020-12-19
95,2020-12-21T00:00:41.727Z,/sonometros,NoiseLevelObserved,T248678-daily,54.6,56.1,57.0,56.0,46.7,2020-12-20
96,2020-12-22T00:00:43.193Z,/sonometros,NoiseLevelObserved,T248678-daily,59.0,60.9,60.4,58.1,47.8,2020-12-21
97,2020-12-23T00:00:44.539Z,/sonometros,NoiseLevelObserved,T248678-daily,58.2,60.1,59.9,57.3,48.6,2020-12-22
98,2020-12-24T00:01:00.650Z,/sonometros,NoiseLevelObserved,T248678-daily,57.6,59.4,59.2,56.8,47.9,2020-12-23
99,2020-12-25T00:00:48.455Z,/sonometros,NoiseLevelObserved,T248678-daily,56.4,58.2,58.7,55.4,48.9,2020-12-24
100,2020-12-26T02:28:56.967Z,/sonometros,NoiseLevelObserved,T248678-daily,52.3,53.7,54.7,54.5,44.1,2020-12-25
101,2020-12-27T00:00:52.365Z,/sonometros,NoiseLevelObserved,T248678-daily,56.7,58.2,58.7,58.9,46.8,2020-12-26
102,2020-12-28T00:00:56.346Z,/sonometros,NoiseLevelObserved,T248678-daily,53.1,54.3,55.4,57.0,42.2,2020-12-27
103,2020-12-29T00:00:49.209Z,/sonometros,NoiseLevelObserved,T248678-daily,57.7,59.1,60.3,61.8,47.4,2020-12-28
104,2020-12-30T00:00:51.740Z,/sonometros,NoiseLevelObserved,T248678-daily,59.8,61.9,61.1,55.3,49.7,2020-12-29
105,2020-12-31T00:00:52.920Z,/sonometros,NoiseLevelObserved,T248678-daily,56.7,58.5,59.0,56.0,49.2,2020-12-30
106,2021-01-01T00:00:54.868Z,/sonometros,NoiseLevelObserved,T248678-daily,58.0,59.4,61.0,58.5,52.3,2020-12-31
107,2021-01-02T00:00:56.461Z,/sonometros,NoiseLevelObserved,T248678-daily,53.3,52.5,60.1,55.0,54.0,2021-01-01
108,2021-01-03T00:00:00.136Z,/sonometros,NoiseLevelObserved,T248678-daily,54.6,56.0,57.1,56.4,47.0,2021-01-02
109,2021-01-04T00:00:01.160Z,/sonometros,NoiseLevelObserved,T248678-daily,54.9,56.5,56.6,56.3,44.0,2021-01-03
110,2021-01-05T00:00:02.775Z,/sonometros,NoiseLevelObserved,T248678-daily,58.5,60.4,59.9,57.0,48.0,2021-01-04
111,2021-01-06T00:00:07.796Z,/sonometros,NoiseLevelObserved,T248678-daily,56.5,58.2,58.6,57.1,47.7,2021-01-05
112,2021-01-07T00:00:09.697Z,/sonometros,NoiseLevelObserved,T248678-daily,59.3,61.4,60.1,56.2,45.0,2021-01-06
113,2021-01-08T00:00:14.949Z,/sonometros,NoiseLevelObserved,T248678-daily,56.4,58.1,59.4,53.9,51.1,2021-01-07
114,2021-01-09T00:00:16.942Z,/sonometros,NoiseLevelObserved,T248678-daily,57.4,59.0,59.6,58.0,49.3,2021-01-08
115,2021-01-10T00:00:14.488Z,/sonometros,NoiseLevelObserved,T248678-daily,55.0,56.6,58.3,54.2,50.0,2021-01-09
116,2021-01-11T00:00:12.25Z,/sonometros,NoiseLevelObserved,T248678-daily,54.9,56.9,56.1,53.1,43.3,2021-01-10
117,2021-01-12T00:00:15.8Z,/sonometros,NoiseLevelObserved,T248678-daily,58.1,60.2,59.1,52.2,46.6,2021-01-11
118,2021-01-13T00:00:16.660Z,/sonometros,NoiseLevelObserved,T248678-daily,56.1,58.1,57.5,52.1,46.3,2021-01-12
119,2021-01-14T00:00:18.172Z,/sonometros,NoiseLevelObserved,T248678-daily,55.6,57.6,57.3,52.0,46.7,2021-01-13
120,2021-01-15T00:00:19.902Z,/sonometros,NoiseLevelObserved,T248678-daily,55.3,57.2,57.1,53.7,46.4,2021-01-14
121,2021-01-16T00:00:21.932Z,/sonometros,NoiseLevelObserved,T248678-daily,56.3,58.3,58.0,54.3,47.0,2021-01-15
122,2021-01-17T00:00:22.916Z,/sonometros,NoiseLevelObserved,T248678-daily,53.5,55.3,55.1,53.5,43.0,2021-01-16
123,2021-01-18T00:00:25.102Z,/sonometros,NoiseLevelObserved,T248678-daily,54.3,56.4,55.3,52.2,41.1,2021-01-17
124,2021-01-19T00:00:26.320Z,/sonometros,NoiseLevelObserved,T248678-daily,57.5,59.6,58.4,51.1,45.8,2021-01-18
125,2021-01-20T00:00:28.162Z,/sonometros,NoiseLevelObserved,T248678-daily,62.2,64.5,62.7,54.1,46.3,2021-01-19
126,2021-01-21T00:00:29.918Z,/sonometros,NoiseLevelObserved,T248678-daily,57.0,59.0,58.2,52.7,46.3,2021-01-20
127,2021-01-22T00:00:33.481Z,/sonometros,NoiseLevelObserved,T248678-daily,55.4,57.4,56.6,52.0,44.4,2021-01-21
128,2021-01-23T00:00:33.826Z,/sonometros,NoiseLevelObserved,T248678-daily,53.2,55.1,54.5,52.5,41.6,2021-01-22
129,2021-01-24T00:00:35.786Z,/sonometros,NoiseLevelObserved,T248678-daily,52.5,54.2,54.6,52.6,44.0,2021-01-23
130,2021-01-25T00:00:38.307Z,/sonometros,NoiseLevelObserved,T248678-daily,54.5,56.3,57.1,51.9,48.3,2021-01-24
131,2021-01-26T00:00:39.703Z,/sonometros,NoiseLevelObserved,T248678-daily,57.5,59.7,58.2,50.0,44.2,2021-01-25
132,2021-01-27T00:00:41.885Z,/sonometros,NoiseLevelObserved,T248678-daily,55.1,57.1,56.6,51.1,45.7,2021-01-26
133,2021-01-28T00:00:45.948Z,/sonometros,NoiseLevelObserved,T248678-daily,54.4,56.4,56.1,50.9,45.7,2021-01-27
134,2021-01-29T00:00:45.742Z,/sonometros,NoiseLevelObserved,T248678-daily,55.5,57.6,56.5,50.5,43.7,2021-01-28
135,2021-01-30T00:01:48.384Z,/sonometros,NoiseLevelObserved,T248678-daily,53.8,55.7,55.8,51.7,45.6,2021-01-29
136,2021-01-31T00:00:50.676Z,/sonometros,NoiseLevelObserved,T248678-daily,52.5,54.5,54.0,51.7,41.6,2021-01-30
137,2021-02-01T00:00:51.861Z,/sonometros,NoiseLevelObserved,T248678-daily,53.4,55.5,54.7,50.5,42.5,2021-01-31
138,2021-02-02T00:00:54.350Z,/sonometros,NoiseLevelObserved,T248678-daily,54.4,56.2,56.7,51.2,47.5,2021-02-01
139,2021-02-03T00:00:55.855Z,/sonometros,NoiseLevelObserved,T248678-daily,53.6,55.5,55.2,50.4,44.7,2021-02-02
140,2021-02-04T00:00:57.934Z,/sonometros,NoiseLevelObserved,T248678-daily,55.2,57.3,56.3,49.7,44.0,2021-02-03
141,2021-02-05T00:00:01.388Z,/sonometros,NoiseLevelObserved,T248678-daily,54.6,56.3,56.6,55.3,45.5,2021-02-04
142,2021-02-06T00:00:04.571Z,/sonometros,NoiseLevelObserved,T248678-daily,55.2,57.0,57.4,53.4,47.8,2021-02-05
143,2021-02-07T00:00:19.957Z,/sonometros,NoiseLevelObserved,T248678-daily,51.6,53.1,53.9,53.0,43.6,2021-02-06
144,2021-02-08T00:00:07.771Z,/sonometros,NoiseLevelObserved,T248678-daily,52.1,54.0,53.9,49.6,43.6,2021-02-07
145,2021-02-09T00:00:10.856Z,/sonometros,NoiseLevelObserved,T248678-daily,56.3,58.3,57.5,51.6,46.1,2021-02-08
146,2021-02-10T00:00:27.479Z,/sonometros,NoiseLevelObserved,T248678-daily,54.0,56.0,55.5,50.4,44.4,2021-02-09
147,2021-02-11T00:00:16.19Z,/sonometros,NoiseLevelObserved,T248678-daily,53.5,55.3,55.6,52.1,45.8,2021-02-10
148,2021-02-12T00:00:14.864Z,/sonometros,NoiseLevelObserved,T248678-daily,53.9,55.9,55.8,51.6,45.4,2021-02-11
149,2021-02-13T00:01:16.752Z,/sonometros,NoiseLevelObserved,T248678-daily,54.3,56.0,56.3,54.0,45.9,2021-02-12
150,2021-02-14T00:00:19.151Z,/sonometros,NoiseLevelObserved,T248678-daily,51.9,53.4,54.6,53.2,45.1,2021-02-13
151,2021-02-15T00:00:21.402Z,/sonometros,NoiseLevelObserved,T248678-daily,53.5,54.4,58.6,52.6,51.9,2021-02-14
152,2021-02-16T00:00:24.18Z,/sonometros,NoiseLevelObserved,T248678-daily,57.6,59.5,60.0,51.1,51.3,2021-02-15
153,2021-02-17T00:00:23.594Z,/sonometros,NoiseLevelObserved,T248678-daily,54.6,56.5,56.3,51.7,45.9,2021-02-16
154,2021-03-04T19:48:59.261Z,/sonometros,NoiseLevelObserved,T248678-daily,57.8,59.9,59.0,53.0,47.0,2021-03-03
155,2021-03-05T00:00:54.667Z,/sonometros,NoiseLevelObserved,T248678-daily,55.3,57.2,56.9,53.8,45.7,2021-03-04
156,2021-03-06T00:00:56.567Z,/sonometros,NoiseLevelObserved,T248678-daily,55.9,57.8,58.0,53.8,48.2,2021-03-05
157,2021-03-07T00:00:00.857Z,/sonometros,NoiseLevelObserved,T248678-daily,57.6,59.6,59.1,55.3,47.5,2021-03-06
158,2021-03-08T00:00:10.110Z,/sonometros,NoiseLevelObserved,T248678-daily,55.7,57.6,57.5,54.9,46.5,2021-03-07
159,2021-03-09T00:00:05.179Z,/sonometros,NoiseLevelObserved,T248678-daily,58.0,60.1,59.3,51.0,48.3,2021-03-08
160,2021-03-10T00:00:07.819Z,/sonometros,NoiseLevelObserved,T248678-daily,58.5,60.6,59.3,51.4,46.5,2021-03-09
161,2021-03-11T00:00:10.423Z,/sonometros,NoiseLevelObserved,T248678-daily,56.0,58.1,57.4,52.0,45.9,2021-03-10
162,2021-03-12T00:00:12.671Z,/sonometros,NoiseLevelObserved,T248678-daily,54.2,56.1,56.0,53.1,45.2,2021-03-11
163,2021-03-13T00:00:11.929Z,/sonometros,NoiseLevelObserved,T248678-daily,55.6,57.5,57.3,54.4,46.0,2021-03-12
164,2021-03-14T00:00:13.418Z,/sonometros,NoiseLevelObserved,T248678-daily,58.4,60.6,59.2,52.9,45.3,2021-03-13
165,2021-03-15T00:00:18.696Z,/sonometros,NoiseLevelObserved,T248678-daily,59.5,61.7,59.9,53.2,42.1,2021-03-14
166,2021-03-16T00:00:17.662Z,/sonometros,NoiseLevelObserved,T248678-daily,58.0,60.2,58.8,52.6,44.8,2021-03-15
167,2021-03-17T00:00:21.296Z,/sonometros,NoiseLevelObserved,T248678-daily,54.4,56.3,56.1,52.1,45.4,2021-03-16
168,2021-03-18T00:00:21.446Z,/sonometros,NoiseLevelObserved,T248678-daily,55.1,57.1,56.8,52.1,46.0,2021-03-17
169,2021-03-19T00:00:22.109Z,/sonometros,NoiseLevelObserved,T248678-daily,56.7,58.8,58.1,53.5,46.2,2021-03-18
170,2021-03-20T00:00:23.859Z,/sonometros,NoiseLevelObserved,T248678-daily,60.4,62.6,60.8,52.8,44.7,2021-03-19
171,2021-03-21T00:00:25.752Z,/sonometros,NoiseLevelObserved,T248678-daily,57.4,59.6,58.4,53.3,44.8,2021-03-20
172,2021-03-22T00:00:27.930Z,/sonometros,NoiseLevelObserved,T248678-daily,55.2,57.3,56.5,52.4,44.2,2021-03-21
173,2021-03-23T00:00:32.509Z,/sonometros,NoiseLevelObserved,T248678-daily,57.6,59.7,58.8,53.2,46.6,2021-03-22
174,2021-03-24T00:00:33.15Z,/sonometros,NoiseLevelObserved,T248678-daily,56.8,58.9,57.9,51.7,45.6,2021-03-23
175,2021-03-25T00:00:34.83Z,/sonometros,NoiseLevelObserved,T248678-daily,55.4,57.4,57.1,53.5,45.9,2021-03-24
176,2021-03-26T00:00:36.318Z,/sonometros,NoiseLevelObserved,T248678-daily,56.0,57.9,57.7,53.9,47.0,2021-03-25
177,2021-03-27T00:00:37.775Z,/sonometros,NoiseLevelObserved,T248678-daily,55.8,57.8,57.5,53.3,46.5,2021-03-26
178,2021-03-28T00:00:41.292Z,/sonometros,NoiseLevelObserved,T248678-daily,57.7,59.7,58.8,55.7,45.4,2021-03-27
179,2021-03-29T00:00:42.499Z,/sonometros,NoiseLevelObserved,T248678-daily,58.5,60.4,59.3,54.7,45.2,2021-03-28
180,2021-03-30T00:00:44.738Z,/sonometros,NoiseLevelObserved,T248678-daily,59.1,61.1,60.1,57.1,46.1,2021-03-29
181,2021-03-31T00:00:46.272Z,/sonometros,NoiseLevelObserved,T248678-daily,55.6,57.4,57.3,54.6,46.1,2021-03-30
182,2021-04-01T00:00:47.749Z,/sonometros,NoiseLevelObserved,T248678-daily,55.5,57.3,57.5,54.7,47.0,2021-03-31
183,2021-04-03T00:00:11.164Z,/sonometros,NoiseLevelObserved,T248678-daily,57.8,59.7,59.1,54.3,47.5,2021-04-02
184,2021-04-04T00:00:10.207Z,/sonometros,NoiseLevelObserved,T248678-daily,56.4,58.4,57.8,53.9,46.0,2021-04-03
185,2021-04-05T00:00:14.353Z,/sonometros,NoiseLevelObserved,T248678-daily,54.2,56.1,56.0,53.1,45.0,2021-04-04
186,2021-04-06T00:00:19.268Z,/sonometros,NoiseLevelObserved,T248678-daily,56.3,58.4,57.5,52.3,45.3,2021-04-05
187,2021-04-07T00:00:17.848Z,/sonometros,NoiseLevelObserved,T248678-daily,54.0,55.7,56.3,53.9,46.5,2021-04-06
188,2021-04-08T00:00:18.99Z,/sonometros,NoiseLevelObserved,T248678-daily,55.3,57.2,57.2,53.3,46.8,2021-04-07
189,2021-04-09T00:00:25.498Z,/sonometros,NoiseLevelObserved,T248678-daily,55.6,57.5,57.1,54.7,45.2,2021-04-08
190,2021-04-10T00:00:24.246Z,/sonometros,NoiseLevelObserved,T248678-daily,56.1,58.0,57.7,54.6,46.5,2021-04-09
191,2021-04-11T02:06:33.776Z,/sonometros,NoiseLevelObserved,T248678-daily,56.1,58.1,57.5,53.5,45.7,2021-04-10
192,2021-04-12T00:00:24.463Z,/sonometros,NoiseLevelObserved,T248678-daily,54.4,56.1,56.3,54.9,45.2,2021-04-11
193,2021-04-13T00:00:28.783Z,/sonometros,NoiseLevelObserved,T248678-daily,54.3,56.2,55.9,53.9,43.8,2021-04-12
194,2021-04-14T00:00:28.293Z,/sonometros,NoiseLevelObserved,T248678-daily,54.9,56.7,56.9,54.6,46.2,2021-04-13
195,2021-04-15T00:00:30.351Z,/sonometros,NoiseLevelObserved,T248678-daily,55.2,57.1,56.8,52.4,46.0,2021-04-14
196,2021-04-16T00:00:33.67Z,/sonometros,NoiseLevelObserved,T248678-daily,55.6,57.5,57.3,54.2,46.1,2021-04-15
197,2021-04-17T00:00:35.221Z,/sonometros,NoiseLevelObserved,T248678-daily,55.7,57.6,57.6,55.3,46.4,2021-04-16
198,2021-04-18T00:00:36.156Z,/sonometros,NoiseLevelObserved,T248678-daily,55.7,57.5,57.4,56.0,45.3,2021-04-17
199,2021-04-19T00:00:38.892Z,/sonometros,NoiseLevelObserved,T248678-daily,56.1,58.2,56.8,53.5,40.1,2021-04-18
200,2021-04-20T00:00:39.902Z,/sonometros,NoiseLevelObserved,T248678-daily,57.0,59.0,58.0,53.2,45.1,2021-04-19
201,2021-04-21T00:00:41.919Z,/sonometros,NoiseLevelObserved,T248678-daily,55.4,57.0,58.3,52.7,50.1,2021-04-20
202,2021-04-22T00:00:44.485Z,/sonometros,NoiseLevelObserved,T248678-daily,55.2,57.1,57.2,52.6,47.2,2021-04-21
203,2021-04-23T00:00:47.586Z,/sonometros,NoiseLevelObserved,T248678-daily,56.7,58.3,60.0,53.3,52.2,2021-04-22
204,2021-04-24T00:00:51.84Z,/sonometros,NoiseLevelObserved,T248678-daily,56.0,57.8,58.0,55.5,47.4,2021-04-23
205,2021-04-25T00:00:51.349Z,/sonometros,NoiseLevelObserved,T248678-daily,57.7,59.7,58.7,55.4,45.2,2021-04-24
206,2021-04-26T00:00:54.308Z,/sonometros,NoiseLevelObserved,T248678-daily,56.0,57.9,57.7,54.1,46.8,2021-04-25
207,2021-04-27T00:00:54.453Z,/sonometros,NoiseLevelObserved,T248678-daily,59.9,61.4,63.1,58.2,55.0,2021-04-26
208,2021-04-28T00:02:01.991Z,/sonometros,NoiseLevelObserved,T248678-daily,55.3,56.8,57.4,57.4,45.9,2021-04-27
209,2021-04-29T00:00:58.347Z,/sonometros,NoiseLevelObserved,T248678-daily,55.2,57.0,57.4,54.3,47.6,2021-04-28
210,2021-04-30T00:00:03.704Z,/sonometros,NoiseLevelObserved,T248678-daily,56.0,57.6,58.1,57.5,46.7,2021-04-29
211,2021-05-01T00:01:03.653Z,/sonometros,NoiseLevelObserved,T248678-daily,59.3,61.0,60.9,60.9,46.7,2021-04-30
212,2021-05-02T00:00:06.899Z,/sonometros,NoiseLevelObserved,T248678-daily,59.9,61.6,61.5,60.6,48.8,2021-05-01
213,2021-05-03T00:00:23.796Z,/sonometros,NoiseLevelObserved,T248678-daily,55.0,56.6,57.5,54.5,48.3,2021-05-02
214,2021-05-04T00:01:10.122Z,/sonometros,NoiseLevelObserved,T248678-daily,59.6,61.7,60.3,55.3,45.5,2021-05-03
215,2021-05-05T00:00:11.819Z,/sonometros,NoiseLevelObserved,T248678-daily,55.3,57.1,57.3,55.5,46.5,2021-05-04
216,2021-05-06T00:00:14.244Z,/sonometros,NoiseLevelObserved,T248678-daily,56.4,57.9,58.8,58.9,47.7,2021-05-05
217,2021-05-07T00:00:17.0Z,/sonometros,NoiseLevelObserved,T248678-daily,56.4,57.8,58.7,58.8,47.7,2021-05-06
218,2021-05-08T00:00:18.867Z,/sonometros,NoiseLevelObserved,T248678-daily,57.3,58.7,59.5,60.4,47.2,2021-05-07
219,2021-05-09T00:00:20.752Z,/sonometros,NoiseLevelObserved,T248678-daily,58.5,60.0,60.4,61.3,47.0,2021-05-08
220,2021-05-10T00:00:21.794Z,/sonometros,NoiseLevelObserved,T248678-daily,57.7,59.6,59.2,56.7,47.3,2021-05-09
221,2021-05-11T00:00:23.895Z,/sonometros,NoiseLevelObserved,T248678-daily,60.0,61.7,62.0,61.0,50.5,2021-05-10
222,2021-05-12T00:00:26.96Z,/sonometros,NoiseLevelObserved,T248678-daily,57.5,59.4,59.9,54.2,50.7,2021-05-11
223,2021-05-13T00:00:28.203Z,/sonometros,NoiseLevelObserved,T248678-daily,55.0,56.6,57.4,55.0,47.9,2021-05-12
224,2021-05-14T00:00:30.506Z,/sonometros,NoiseLevelObserved,T248678-daily,56.3,57.4,59.5,59.6,49.9,2021-05-13
225,2021-05-15T00:00:32.112Z,/sonometros,NoiseLevelObserved,T248678-daily,60.2,60.1,64.7,65.9,56.0,2021-05-14
226,2021-05-16T00:00:36.88Z,/sonometros,NoiseLevelObserved,T248678-daily,59.4,59.7,63.3,64.8,53.9,2021-05-15
227,2021-05-17T01:20:04.264Z,/sonometros,NoiseLevelObserved,T248678-daily,54.4,55.5,58.1,56.2,50.0,2021-05-16
228,2021-05-18T00:00:40.374Z,/sonometros,NoiseLevelObserved,T248678-daily,59.9,61.5,61.9,60.3,51.3,2021-05-17
229,2021-05-19T00:00:41.833Z,/sonometros,NoiseLevelObserved,T248678-daily,58.6,60.4,60.4,57.5,49.5,2021-05-18
230,2021-05-20T00:00:44.77Z,/sonometros,NoiseLevelObserved,T248678-daily,60.0,62.0,61.3,58.1,49.0,2021-05-19
231,2021-05-21T00:00:46.66Z,/sonometros,NoiseLevelObserved,T248678-daily,57.7,59.0,60.7,59.4,51.5,2021-05-20
232,2021-05-22T00:00:48.574Z,/sonometros,NoiseLevelObserved,T248678-daily,62.9,61.3,68.8,69.4,61.3,2021-05-21
233,2021-05-23T00:00:49.739Z,/sonometros,NoiseLevelObserved,T248678-daily,58.2,58.7,62.4,62.2,54.2,2021-05-22
234,2021-05-24T00:00:52.375Z,/sonometros,NoiseLevelObserved,T248678-daily,57.1,58.8,59.3,57.1,49.1,2021-05-23
235,2021-05-25T00:00:54.440Z,/sonometros,NoiseLevelObserved,T248678-daily,61.8,62.8,64.4,65.6,53.3,2021-05-24
236,2021-05-26T00:00:57.480Z,/sonometros,NoiseLevelObserved,T248678-daily,57.5,59.4,59.6,54.4,50.1,2021-05-25
237,2021-05-27T00:00:57.932Z,/sonometros,NoiseLevelObserved,T248678-daily,58.1,60.0,60.0,56.7,49.4,2021-05-26
238,2021-05-28T00:00:01.27Z,/sonometros,NoiseLevelObserved,T248678-daily,56.9,57.9,60.2,60.6,50.7,2021-05-27
239,2021-05-29T00:01:03.526Z,/sonometros,NoiseLevelObserved,T248678-daily,60.5,59.6,65.8,66.5,58.0,2021-05-28
240,2021-05-30T00:00:07.918Z,/sonometros,NoiseLevelObserved,T248678-daily,59.1,57.9,65.6,63.4,59.1,2021-05-29
241,2021-05-31T00:00:13.510Z,/sonometros,NoiseLevelObserved,T248678-daily,56.3,54.8,63.7,56.9,57.9,2021-05-30
242,2021-06-01T00:00:11.500Z,/sonometros,NoiseLevelObserved,T248678-daily,60.6,61.8,63.7,63.7,53.9,2021-05-31
243,2021-06-02T00:00:12.901Z,/sonometros,NoiseLevelObserved,T248678-daily,56.6,58.2,59.8,55.9,51.4,2021-06-01
244,2021-06-03T00:00:15.903Z,/sonometros,NoiseLevelObserved,T248678-daily,55.6,57.2,58.3,55.3,49.3,2021-06-02
245,2021-06-04T00:00:17.302Z,/sonometros,NoiseLevelObserved,T248678-daily,58.4,59.3,61.7,62.2,52.2,2021-06-03
246,2021-06-05T00:00:22.796Z,/sonometros,NoiseLevelObserved,T248678-daily,63.5,60.7,69.8,70.7,62.3,2021-06-04
247,2021-06-06T00:00:20.167Z,/sonometros,NoiseLevelObserved,T248678-daily,59.4,60.0,64.5,61.0,57.5,2021-06-05
248,2021-06-07T00:00:23.456Z,/sonometros,NoiseLevelObserved,T248678-daily,57.0,58.2,60.8,57.7,52.9,2021-06-06
249,2021-06-08T00:00:24.437Z,/sonometros,NoiseLevelObserved,T248678-daily,59.9,61.6,62.1,60.2,51.9,2021-06-07
250,2021-06-09T00:00:27.422Z,/sonometros,NoiseLevelObserved,T248678-daily,57.0,58.9,59.1,53.7,49.5,2021-06-08
251,2021-06-10T00:00:30.210Z,/sonometros,NoiseLevelObserved,T248678-daily,57.8,59.4,60.0,58.3,49.8,2021-06-09
252,2021-06-11T00:00:36.857Z,/sonometros,NoiseLevelObserved,T248678-daily,57.1,58.0,60.7,60.8,51.6,2021-06-10
253,2021-06-12T00:00:33.473Z,/sonometros,NoiseLevelObserved,T248678-daily,58.1,58.0,62.7,63.6,54.3,2021-06-11
254,2021-06-13T00:00:37.733Z,/sonometros,NoiseLevelObserved,T248678-daily,58.2,56.7,64.5,63.7,57.6,2021-06-12
255,2021-06-14T00:00:38.716Z,/sonometros,NoiseLevelObserved,T248678-daily,60.4,58.4,65.9,67.9,57.4,2021-06-13
256,2021-06-15T00:00:40.517Z,/sonometros,NoiseLevelObserved,T248678-daily,59.5,60.6,63.1,61.9,54.7,2021-06-14
257,2021-06-16T00:00:42.756Z,/sonometros,NoiseLevelObserved,T248678-daily,54.9,56.2,58.4,56.0,50.2,2021-06-15
258,2021-06-17T00:00:46.110Z,/sonometros,NoiseLevelObserved,T248678-daily,56.0,57.4,58.7,57.4,49.1,2021-06-16
259,2021-06-18T00:00:48.83Z,/sonometros,NoiseLevelObserved,T248678-daily,57.4,58.3,61.1,60.2,52.6,2021-06-17
260,2021-06-19T00:00:51.157Z,/sonometros,NoiseLevelObserved,T248678-daily,60.1,59.5,65.6,65.4,58.1,2021-06-18
261,2021-06-20T00:00:52.39Z,/sonometros,NoiseLevelObserved,T248678-daily,59.3,56.7,66.7,64.1,60.5,2021-06-19
262,2021-06-21T00:00:55.100Z,/sonometros,NoiseLevelObserved,T248678-daily,57.0,56.9,62.8,59.7,56.1,2021-06-20
263,2021-08-25T00:00:02.926Z,/sonometros,NoiseLevelObserved,T248678-daily,55.0,55.9,59.8,55.0,52.9,2021-08-24
264,2021-08-26T00:00:06.253Z,/sonometros,NoiseLevelObserved,T248678-daily,55.8,56.0,61.7,56.0,55.3,2021-08-25
265,2021-08-27T00:00:07.826Z,/sonometros,NoiseLevelObserved,T248678-daily,55.0,56.2,58.5,56.3,50.2,2021-08-26
266,2021-08-28T00:00:10.375Z,/sonometros,NoiseLevelObserved,T248678-daily,57.6,57.8,61.9,62.7,53.3,2021-08-27
267,2021-08-29T00:00:12.433Z,/sonometros,NoiseLevelObserved,T248678-daily,56.4,55.5,62.5,60.9,55.8,2021-08-28
268,2021-08-30T00:00:14.859Z,/sonometros,NoiseLevelObserved,T248678-daily,60.1,59.3,64.5,67.1,54.6,2021-08-29
269,2021-08-31T00:00:16.82Z,/sonometros,NoiseLevelObserved,T248678-daily,61.6,62.5,64.8,65.6,55.0,2021-08-30
270,2021-09-01T00:00:27.591Z,/sonometros,NoiseLevelObserved,T248678-daily,65.0,64.8,68.5,71.9,55.6,2021-08-31
271,2021-09-02T00:00:22.16Z,/sonometros,NoiseLevelObserved,T248678-daily,78.5,77.0,86.1,78.4,80.4,2021-09-01
272,2021-09-03T00:00:23.502Z,/sonometros,NoiseLevelObserved,T248678-daily,79.1,80.6,82.3,78.6,74.0,2021-09-02
273,2021-09-04T00:00:25.409Z,/sonometros,NoiseLevelObserved,T248678-daily,85.8,87.9,86.6,82.9,71.8,2021-09-03
274,2021-09-05T00:00:29.76Z,/sonometros,NoiseLevelObserved,T248678-daily,86.7,76.7,95.7,91.0,90.0,2021-09-04
275,2021-09-06T00:00:30.200Z,/sonometros,NoiseLevelObserved,T248678-daily,88.8,90.2,90.9,91.7,78.2,2021-09-05
276,2021-09-07T00:00:32.708Z,/sonometros,NoiseLevelObserved,T248678-daily,76.3,63.5,86.2,58.7,80.9,2021-09-06
277,2021-09-08T00:00:34.609Z,/sonometros,NoiseLevelObserved,T248678-daily,60.6,62.6,62.3,55.4,52.2,2021-09-07
278,2021-09-09T00:00:37.146Z,/sonometros,NoiseLevelObserved,T248678-daily,55.5,57.0,58.7,55.5,50.3,2021-09-08
279,2021-09-10T00:00:41.245Z,/sonometros,NoiseLevelObserved,T248678-daily,56.5,57.4,60.5,59.5,52.4,2021-09-09
280,2021-09-11T00:00:43.390Z,/sonometros,NoiseLevelObserved,T248678-daily,57.7,57.4,62.7,62.9,54.9,2021-09-10
281,2021-09-12T00:00:43.942Z,/sonometros,NoiseLevelObserved,T248678-daily,58.8,57.9,64.8,63.7,57.9,2021-09-11
282,2021-09-13T00:00:46.530Z,/sonometros,NoiseLevelObserved,T248678-daily,56.4,55.5,63.3,57.7,57.3,2021-09-12
283,2021-09-14T00:00:48.615Z,/sonometros,NoiseLevelObserved,T248678-daily,58.6,60.3,61.3,57.6,52.4,2021-09-13
284,2021-09-15T00:00:45.816Z,/sonometros,NoiseLevelObserved,T248678-daily,62.2,64.4,62.9,55.7,48.9,2021-09-14
317,2021-09-16T00:00:48.447Z,/sonometros,NoiseLevelObserved,T248678-daily,59.1,61.1,60.7,55.9,49.9,2021-09-15
318,2021-09-17T00:00:50.686Z,/sonometros,NoiseLevelObserved,T248678-daily,62.9,64.9,64.3,58.8,53.1,2021-09-16
319,2021-09-18T00:00:52.808Z,/sonometros,NoiseLevelObserved,T248678-daily,60.0,61.0,63.9,62.7,55.6,2021-09-17
320,2021-09-19T00:00:55.299Z,/sonometros,NoiseLevelObserved,T248678-daily,58.6,56.9,65.5,62.9,59.2,2021-09-18
321,2021-09-20T00:00:57.229Z,/sonometros,NoiseLevelObserved,T248678-daily,58.6,58.6,65.0,56.5,58.9,2021-09-19
322,2021-09-21T00:01:00.338Z,/sonometros,NoiseLevelObserved,T248678-daily,60.6,62.5,62.5,57.8,52.5,2021-09-20
355,2021-09-22T00:00:03.844Z,/sonometros,NoiseLevelObserved,T248678-daily,54.7,56.3,57.5,54.0,48.8,2021-09-21
356,2021-09-23T00:01:04.143Z,/sonometros,NoiseLevelObserved,T248678-daily,56.1,57.7,59.3,55.4,51.0,2021-09-22
357,2021-09-24T00:01:02.132Z,/sonometros,NoiseLevelObserved,T248678-daily,57.0,58.4,60.6,56.9,52.7,2021-09-23
358,2021-09-25T00:00:10.737Z,/sonometros,NoiseLevelObserved,T248678-daily,59.0,57.9,65.0,64.5,57.9,2021-09-24
359,2021-09-26T00:00:11.541Z,/sonometros,NoiseLevelObserved,T248678-daily,59.4,57.6,65.6,65.6,58.4,2021-09-25
360,2021-09-27T00:00:14.37Z,/sonometros,NoiseLevelObserved,T248678-daily,56.6,55.7,63.6,57.9,57.6,2021-09-26
361,2021-09-28T00:00:17.404Z,/sonometros,NoiseLevelObserved,T248678-daily,60.4,62.1,62.6,60.7,52.3,2021-09-27
394,2021-09-29T00:00:21.95Z,/sonometros,NoiseLevelObserved,T248678-daily,57.5,58.9,61.6,54.8,54.3,2021-09-28
395,2021-09-30T00:01:03.942Z,/sonometros,NoiseLevelObserved,T248678-daily,56.9,58.6,59.6,56.1,50.6,2021-09-29
396,2021-10-01T00:00:21.767Z,/sonometros,NoiseLevelObserved,T248678-daily,57.7,59.0,60.7,59.0,51.7,2021-09-30
397,2021-10-02T00:00:24.320Z,/sonometros,NoiseLevelObserved,T248678-daily,60.6,59.9,66.3,65.7,59.1,2021-10-01
398,2021-10-03T00:00:26.347Z,/sonometros,NoiseLevelObserved,T248678-daily,63.0,57.9,71.7,64.3,66.2,2021-10-02
399,2021-10-04T00:00:28.561Z,/sonometros,NoiseLevelObserved,T248678-daily,63.3,57.3,72.6,55.9,67.3,2021-10-03
400,2021-10-05T00:00:31.292Z,/sonometros,NoiseLevelObserved,T248678-daily,59.9,61.8,61.7,57.5,51.3,2021-10-04
401,2021-10-06T00:00:32.753Z,/sonometros,NoiseLevelObserved,T248678-daily,54.7,56.1,57.4,56.0,48.0,2021-10-05
402,2021-10-07T00:00:35.28Z,/sonometros,NoiseLevelObserved,T248678-daily,55.8,57.3,58.8,54.9,50.3,2021-10-06
403,2021-10-08T00:00:37.300Z,/sonometros,NoiseLevelObserved,T248678-daily,58.0,59.2,60.8,60.9,50.6,2021-10-07
404,2021-10-09T00:01:39.520Z,/sonometros,NoiseLevelObserved,T248678-daily,59.1,57.9,65.3,64.6,58.3,2021-10-08
405,2021-10-10T00:00:42.470Z,/sonometros,NoiseLevelObserved,T248678-daily,62.6,60.5,70.3,64.4,64.5,2021-10-09
406,2021-10-11T00:00:44.155Z,/sonometros,NoiseLevelObserved,T248678-daily,62.0,56.0,71.3,55.7,66.0,2021-10-10
407,2021-10-12T00:00:47.296Z,/sonometros,NoiseLevelObserved,T248678-daily,58.8,59.4,63.7,60.9,56.5,2021-10-11
408,2021-10-13T00:00:48.646Z,/sonometros,NoiseLevelObserved,T248678-daily,57.2,55.4,65.0,54.7,59.4,2021-10-12
409,2021-10-14T00:00:43.372Z,/sonometros,NoiseLevelObserved,T248678-daily,55.0,56.7,57.5,53.7,48.4,2021-10-13
442,2021-10-15T00:00:46.829Z,/sonometros,NoiseLevelObserved,T248678-daily,56.9,58.2,60.3,57.9,51.9,2021-10-14
443,2021-10-16T00:00:47.629Z,/sonometros,NoiseLevelObserved,T248678-daily,58.6,58.3,64.4,62.0,57.7,2021-10-15
444,2021-10-17T00:00:50.142Z,/sonometros,NoiseLevelObserved,T248678-daily,62.1,58.4,70.5,63.7,64.9,2021-10-16
445,2021-10-18T00:00:52.900Z,/sonometros,NoiseLevelObserved,T248678-daily,60.8,55.0,70.1,55.8,64.7,2021-10-17
446,2021-10-19T00:00:54.844Z,/sonometros,NoiseLevelObserved,T248678-daily,58.8,60.7,60.5,57.4,49.5,2021-10-18
447,2021-10-20T00:01:03.66Z,/sonometros,NoiseLevelObserved,T248678-daily,55.9,57.4,58.9,56.5,50.1,2021-10-19
448,2021-10-21T00:02:46.694Z,/sonometros,NoiseLevelObserved,T248678-daily,56.5,58.2,59.1,55.9,49.8,2021-10-20
449,2021-10-22T00:00:03.19Z,/sonometros,NoiseLevelObserved,T248678-daily,56.4,57.6,59.7,59.0,50.7,2021-10-21
450,2021-10-23T00:00:05.220Z,/sonometros,NoiseLevelObserved,T248678-daily,58.8,59.6,63.4,60.6,56.1,2021-10-22
451,2021-10-24T00:00:05.878Z,/sonometros,NoiseLevelObserved,T248678-daily,63.1,58.9,71.3,66.7,65.5,2021-10-23
452,2021-10-25T00:00:07.865Z,/sonometros,NoiseLevelObserved,T248678-daily,63.4,56.7,72.8,58.4,67.5,2021-10-24
453,2021-10-26T00:01:09.954Z,/sonometros,NoiseLevelObserved,T248678-daily,57.5,59.2,59.7,57.0,49.8,2021-10-25
454,2021-10-27T00:00:12.220Z,/sonometros,NoiseLevelObserved,T248678-daily,58.1,59.8,60.0,57.7,49.4,2021-10-26
455,2021-10-28T00:00:14.280Z,/sonometros,NoiseLevelObserved,T248678-daily,56.0,57.7,58.7,54.0,50.0,2021-10-27
488,2021-10-29T00:00:16.359Z,/sonometros,NoiseLevelObserved,T248678-daily,58.2,59.6,61.4,58.7,52.9,2021-10-28
489,2021-10-30T00:00:21.155Z,/sonometros,NoiseLevelObserved,T248678-daily,57.7,58.1,62.5,60.7,55.1,2021-10-29
522,2021-10-31T00:00:20.173Z,/sonometros,NoiseLevelObserved,T248678-daily,58.7,56.7,66.5,60.2,60.7,2021-10-30
523,2021-11-01T03:49:21.927Z,/sonometros,NoiseLevelObserved,T248678-daily,60.8,58.0,69.0,62.0,63.0,2021-10-31
556,2021-11-02T09:10:25.336Z,/sonometros,NoiseLevelObserved,T248678-daily,62.9,59.5,71.3,63.0,65.7,2021-11-01
589,2021-11-03T00:00:26.38Z,/sonometros,NoiseLevelObserved,T248678-daily,54.9,56.5,57.6,54.8,48.4,2021-11-02
622,2021-11-04T00:00:27.849Z,/sonometros,NoiseLevelObserved,T248678-daily,55.4,57.1,57.8,54.1,48.4,2021-11-03
655,2021-11-05T00:00:29.949Z,/sonometros,NoiseLevelObserved,T248678-daily,55.6,57.0,58.6,56.3,49.9,2021-11-04
688,2021-11-06T00:00:31.743Z,/sonometros,NoiseLevelObserved,T248678-daily,56.2,57.3,59.9,58.1,51.8,2021-11-05
689,2021-11-07T00:00:33.994Z,/sonometros,NoiseLevelObserved,T248678-daily,58.1,57.9,64.3,59.9,58.0,2021-11-06
690,2021-11-08T00:00:35.534Z,/sonometros,NoiseLevelObserved,T248678-daily,60.9,57.6,69.6,55.1,64.2,2021-11-07
691,2021-11-09T00:00:37.697Z,/sonometros,NoiseLevelObserved,T248678-daily,59.8,61.5,62.1,59.6,52.1,2021-11-08
692,2021-11-10T00:00:48.642Z,/sonometros,NoiseLevelObserved,T248678-daily,54.9,56.6,57.4,53.0,48.3,2021-11-09
725,2021-11-11T00:00:43.411Z,/sonometros,NoiseLevelObserved,T248678-daily,55.4,57.1,57.9,54.5,48.7,2021-11-10
726,2021-11-12T00:00:43.642Z,/sonometros,NoiseLevelObserved,T248678-daily,55.4,56.9,58.3,55.6,49.5,2021-11-11
727,2021-11-13T00:00:45.653Z,/sonometros,NoiseLevelObserved,T248678-daily,58.5,59.1,62.8,61.9,54.9,2021-11-12
728,2021-11-14T00:01:49.615Z,/sonometros,NoiseLevelObserved,T248678-daily,61.8,61.3,67.8,65.5,61.1,2021-11-13
729,2021-11-15T00:00:50.115Z,/sonometros,NoiseLevelObserved,T248678-daily,60.0,58.0,68.1,54.1,62.6,2021-11-14
730,2021-11-16T00:00:51.691Z,/sonometros,NoiseLevelObserved,T248678-daily,57.3,59.2,59.3,55.9,49.0,2021-11-15
731,2021-11-17T00:00:54.862Z,/sonometros,NoiseLevelObserved,T248678-daily,55.1,56.8,57.6,53.6,48.5,2021-11-16
732,2021-11-18T00:00:57.430Z,/sonometros,NoiseLevelObserved,T248678-daily,57.1,59.0,58.7,54.9,47.8,2021-11-17
733,2021-11-19T00:00:57.785Z,/sonometros,NoiseLevelObserved,T248678-daily,56.1,57.7,58.7,55.7,49.6,2021-11-18
734,2021-11-20T00:00:59.578Z,/sonometros,NoiseLevelObserved,T248678-daily,67.6,69.8,68.4,62.4,54.2,2021-11-19
735,2021-11-21T00:00:06.273Z,/sonometros,NoiseLevelObserved,T248678-daily,60.6,59.7,67.5,62.3,61.4,2021-11-20
736,2021-11-22T00:01:04.361Z,/sonometros,NoiseLevelObserved,T248678-daily,60.5,56.4,69.5,55.1,64.1,2021-11-21
737,2021-11-23T00:00:06.749Z,/sonometros,NoiseLevelObserved,T248678-daily,58.3,59.2,61.7,61.9,52.4,2021-11-22
738,2021-11-24T00:00:16.523Z,/sonometros,NoiseLevelObserved,T248678-daily,56.4,58.0,59.4,54.5,51.0,2021-11-23
771,2021-11-25T00:00:17.581Z,/sonometros,NoiseLevelObserved,T248678-daily,56.3,58.2,58.6,53.4,49.3,2021-11-24
772,2021-11-26T00:01:17.97Z,/sonometros,NoiseLevelObserved,T248678-daily,58.1,60.0,59.8,56.0,49.1,2021-11-25
773,2021-11-27T00:00:14.233Z,/sonometros,NoiseLevelObserved,T248678-daily,56.9,57.6,61.5,58.9,54.1,2021-11-26
774,2021-11-28T00:00:16.479Z,/sonometros,NoiseLevelObserved,T248678-daily,70.2,72.4,71.5,60.7,60.3,2021-11-27
775,2021-11-29T00:00:18.373Z,/sonometros,NoiseLevelObserved,T248678-daily,61.9,56.2,71.1,54.1,65.8,2021-11-28
776,2021-11-30T00:00:19.566Z,/sonometros,NoiseLevelObserved,T248678-daily,58.3,60.1,60.4,54.6,51.1,2021-11-29
777,2021-12-01T00:00:20.580Z,/sonometros,NoiseLevelObserved,T248678-daily,55.6,57.3,57.8,54.9,48.0,2021-11-30
778,2021-12-02T00:01:22.441Z,/sonometros,NoiseLevelObserved,T248678-daily,55.5,57.2,58.4,54.6,49.6,2021-12-01
779,2021-12-03T00:00:25.707Z,/sonometros,NoiseLevelObserved,T248678-daily,55.8,57.5,58.4,55.4,49.1,2021-12-02
780,2021-12-04T00:00:26.419Z,/sonometros,NoiseLevelObserved,T248678-daily,57.6,57.8,62.3,61.8,54.5,2021-12-03
781,2021-12-05T00:00:28.593Z,/sonometros,NoiseLevelObserved,T248678-daily,57.7,56.8,64.5,59.7,58.4,2021-12-04
782,2021-12-06T00:00:30.135Z,/sonometros,NoiseLevelObserved,T248678-daily,60.9,56.7,69.8,55.0,64.4,2021-12-05
783,2021-12-07T00:00:33.231Z,/sonometros,NoiseLevelObserved,T248678-daily,55.8,56.0,61.2,57.8,54.5,2021-12-06
784,2021-12-08T00:00:35.322Z,/sonometros,NoiseLevelObserved,T248678-daily,56.5,57.8,59.8,57.9,51.2,2021-12-07
785,2021-12-09T00:00:35.959Z,/sonometros,NoiseLevelObserved,T248678-daily,54.2,54.6,59.7,53.9,53.2,2021-12-08
786,2021-12-10T00:00:37.771Z,/sonometros,NoiseLevelObserved,T248678-daily,55.7,57.4,58.3,54.9,49.1,2021-12-09
787,2021-12-11T00:00:41.707Z,/sonometros,NoiseLevelObserved,T248678-daily,57.6,58.2,61.7,61.6,53.3,2021-12-10
788,2021-12-12T00:00:42.293Z,/sonometros,NoiseLevelObserved,T248678-daily,59.8,58.5,67.0,61.6,61.0,2021-12-11
789,2021-12-13T00:00:43.875Z,/sonometros,NoiseLevelObserved,T248678-daily,59.7,55.9,68.3,59.2,62.8,2021-12-12
822,2021-12-14T00:00:47.173Z,/sonometros,NoiseLevelObserved,T248678-daily,58.4,60.3,60.4,56.1,50.5,2021-12-13
823,2021-12-15T00:00:49.508Z,/sonometros,NoiseLevelObserved,T248678-daily,56.3,58.2,58.5,54.3,48.8,2021-12-14
824,2021-12-16T00:00:49.719Z,/sonometros,NoiseLevelObserved,T248678-daily,56.3,58.0,58.8,55.0,49.6,2021-12-15
825,2021-12-17T00:00:52.596Z,/sonometros,NoiseLevelObserved,T248678-daily,57.1,58.8,59.8,56.4,50.7,2021-12-16
826,2021-12-18T00:00:53.508Z,/sonometros,NoiseLevelObserved,T248678-daily,59.6,58.9,66.0,62.9,59.6,2021-12-17
827,2021-12-19T00:00:57.381Z,/sonometros,NoiseLevelObserved,T248678-daily,61.3,59.6,68.1,66.2,61.6,2021-12-18
828,2021-12-20T00:00:59.77Z,/sonometros,NoiseLevelObserved,T248678-daily,59.1,57.0,67.1,55.8,61.6,2021-12-19
829,2021-12-21T00:00:01.813Z,/sonometros,NoiseLevelObserved,T248678-daily,59.6,61.6,61.4,55.7,51.2,2021-12-20
830,2021-12-22T00:00:02.225Z,/sonometros,NoiseLevelObserved,T248678-daily,56.7,58.3,59.3,57.7,49.6,2021-12-21
831,2021-12-23T00:00:04.551Z,/sonometros,NoiseLevelObserved,T248678-daily,57.3,59.1,59.6,55.8,50.0,2021-12-22
832,2021-12-24T00:00:07.106Z,/sonometros,NoiseLevelObserved,T248678-daily,59.7,61.3,62.7,57.0,54.6,2021-12-23
833,2021-12-25T00:00:09.144Z,/sonometros,NoiseLevelObserved,T248678-daily,56.4,57.0,62.1,50.8,55.9,2021-12-24
834,2021-12-26T00:00:10.837Z,/sonometros,NoiseLevelObserved,T248678-daily,54.5,53.9,60.9,57.1,54.5,2021-12-25
835,2021-12-27T00:00:12.715Z,/sonometros,NoiseLevelObserved,T248678-daily,57.1,55.9,64.5,56.9,58.7,2021-12-26
836,2021-12-28T00:00:15.644Z,/sonometros,NoiseLevelObserved,T248678-daily,56.8,58.0,60.4,57.9,52.3,2021-12-27
837,2021-12-29T00:00:16.688Z,/sonometros,NoiseLevelObserved,T248678-daily,55.8,57.0,59.3,57.5,51.0,2021-12-28
838,2021-12-30T00:00:18.316Z,/sonometros,NoiseLevelObserved,T248678-daily,56.4,58.0,59.2,56.2,50.2,2021-12-29
839,2022-01-05T17:17:33.624Z,/sonometros,NoiseLevelObserved,T248678-daily,56.8,58.5,58.9,56.0,49.0,2022-01-04
840,2022-01-06T00:00:30.914Z,/sonometros,NoiseLevelObserved,T248678-daily,57.7,59.6,59.7,55.4,49.7,2022-01-05
841,2022-01-07T00:00:33.523Z,/sonometros,NoiseLevelObserved,T248678-daily,54.5,54.6,60.4,55.0,54.1,2022-01-06
842,2022-01-08T00:00:34.533Z,/sonometros,NoiseLevelObserved,T248678-daily,55.1,56.2,58.7,57.1,50.4,2022-01-07
843,2022-01-09T00:00:36.431Z,/sonometros,NoiseLevelObserved,T248678-daily,56.7,55.4,63.7,59.9,57.5,2022-01-08
844,2022-01-10T00:01:38.431Z,/sonometros,NoiseLevelObserved,T248678-daily,57.3,54.8,65.5,53.8,60.0,2022-01-09
845,2022-01-11T00:00:40.425Z,/sonometros,NoiseLevelObserved,T248678-daily,58.2,60.3,59.8,54.1,48.8,2022-01-10
846,2022-01-12T00:00:44.49Z,/sonometros,NoiseLevelObserved,T248678-daily,56.3,58.2,58.4,54.1,48.5,2022-01-11
847,2022-01-13T00:00:44.421Z,/sonometros,NoiseLevelObserved,T248678-daily,55.3,57.1,57.7,54.2,48.2,2022-01-12
848,2022-01-14T00:00:46.504Z,/sonometros,NoiseLevelObserved,T248678-daily,57.1,58.4,59.9,59.5,50.2,2022-01-13
849,2022-01-15T00:00:48.585Z,/sonometros,NoiseLevelObserved,T248678-daily,56.6,57.6,60.1,59.0,51.5,2022-01-14
850,2022-01-16T00:00:50.80Z,/sonometros,NoiseLevelObserved,T248678-daily,58.2,57.2,65.1,61.0,58.9,2022-01-15
851,2022-01-17T00:00:51.432Z,/sonometros,NoiseLevelObserved,T248678-daily,59.8,59.6,66.5,54.7,60.6,2022-01-16
852,2022-01-18T00:00:53.555Z,/sonometros,NoiseLevelObserved,T248678-daily,59.1,60.7,61.2,60.0,50.6,2022-01-17
853,2022-01-19T00:00:56.111Z,/sonometros,NoiseLevelObserved,T248678-daily,55.3,56.8,58.6,55.0,50.4,2022-01-18
854,2022-01-20T00:00:58.146Z,/sonometros,NoiseLevelObserved,T248678-daily,56.0,57.9,58.2,54.5,48.3,2022-01-19
855,2022-01-21T00:00:47.604Z,/sonometros,NoiseLevelObserved,T248678-daily,56.3,57.9,59.0,55.8,50.0,2022-01-20
856,2022-01-22T00:00:42.16Z,/sonometros,NoiseLevelObserved,T248678-daily,56.9,58.0,60.7,58.3,52.7,2022-01-21
857,2022-01-23T00:00:43.155Z,/sonometros,NoiseLevelObserved,T248678-daily,58.8,57.4,66.2,59.6,60.3,2022-01-22
858,2022-01-24T00:00:46.481Z,/sonometros,NoiseLevelObserved,T248678-daily,60.2,58.2,68.3,56.5,62.8,2022-01-23
859,2022-01-25T00:00:47.46Z,/sonometros,NoiseLevelObserved,T248678-daily,58.1,59.1,61.7,61.3,52.8,2022-01-24
860,2022-01-26T00:00:49.446Z,/sonometros,NoiseLevelObserved,T248678-daily,57.6,59.4,60.4,53.6,52.0,2022-01-25
861,2022-01-27T00:00:51.724Z,/sonometros,NoiseLevelObserved,T248678-daily,55.8,57.4,58.4,55.5,49.2,2022-01-26
894,2022-01-28T00:00:55.141Z,/sonometros,NoiseLevelObserved,T248678-daily,56.6,58.2,59.3,56.0,50.3,2022-01-27
895,2022-01-29T00:00:54.143Z,/sonometros,NoiseLevelObserved,T248678-daily,56.4,57.2,60.2,59.5,51.9,2022-01-28
896,2022-01-30T00:00:55.991Z,/sonometros,NoiseLevelObserved,T248678-daily,60.7,57.9,68.9,61.9,63.2,2022-01-29
897,2022-01-31T00:00:03.284Z,/sonometros,NoiseLevelObserved,T248678-daily,62.0,57.9,71.0,55.8,65.6,2022-01-30
898,2022-02-01T00:00:01.143Z,/sonometros,NoiseLevelObserved,T248678-daily,58.2,60.1,60.0,55.6,49.5,2022-01-31
899,2022-02-02T00:00:04.269Z,/sonometros,NoiseLevelObserved,T248678-daily,54.9,56.4,57.7,55.7,48.4,2022-02-01
900,2022-02-03T00:00:12.673Z,/sonometros,NoiseLevelObserved,T248678-daily,56.8,58.5,59.0,55.8,49.3,2022-02-02
901,2022-02-04T00:00:09.234Z,/sonometros,NoiseLevelObserved,T248678-daily,58.7,60.4,61.4,56.1,52.7,2022-02-03
902,2022-02-05T00:00:08.896Z,/sonometros,NoiseLevelObserved,T248678-daily,59.3,59.6,65.1,59.4,58.7,2022-02-04
903,2022-02-06T00:00:10.796Z,/sonometros,NoiseLevelObserved,T248678-daily,60.2,59.3,67.1,61.7,61.1,2022-02-05
904,2022-02-07T00:00:12.638Z,/sonometros,NoiseLevelObserved,T248678-daily,61.6,57.6,70.4,59.6,64.9,2022-02-06
905,2022-02-08T00:00:14.372Z,/sonometros,NoiseLevelObserved,T248678-daily,58.7,59.7,63.1,59.7,55.8,2022-02-07
906,2022-02-09T00:00:17.832Z,/sonometros,NoiseLevelObserved,T248678-daily,56.8,58.5,59.1,55.9,49.6,2022-02-08
907,2022-02-10T00:00:19.185Z,/sonometros,NoiseLevelObserved,T248678-daily,56.6,58.4,58.7,55.1,48.8,2022-02-09
908,2022-02-11T00:00:20.914Z,/sonometros,NoiseLevelObserved,T248678-daily,56.9,58.6,59.7,55.4,51.1,2022-02-10
909,2022-02-12T00:00:21.595Z,/sonometros,NoiseLevelObserved,T248678-daily,58.5,58.5,64.3,60.3,57.8,2022-02-11
910,2022-02-13T00:00:23.65Z,/sonometros,NoiseLevelObserved,T248678-daily,60.5,59.5,67.3,62.5,61.2,2022-02-12
911,2022-02-14T00:00:25.245Z,/sonometros,NoiseLevelObserved,T248678-daily,61.3,57.7,70.1,54.6,64.7,2022-02-13
912,2022-02-15T00:00:26.897Z,/sonometros,NoiseLevelObserved,T248678-daily,57.7,59.6,59.6,55.1,49.6,2022-02-14
913,2022-02-16T00:00:28.894Z,/sonometros,NoiseLevelObserved,T248678-daily,54.9,56.6,57.7,51.7,49.3,2022-02-15
914,2022-02-17T00:00:31.937Z,/sonometros,NoiseLevelObserved,T248678-daily,55.2,57.0,57.4,54.0,47.7,2022-02-16
915,2022-02-18T00:00:54.771Z,/sonometros,NoiseLevelObserved,T248678-daily,56.5,57.6,60.7,57.3,53.2,2022-02-17
916,2022-02-19T00:00:41.728Z,/sonometros,NoiseLevelObserved,T248678-daily,60.3,61.1,64.6,61.9,57.2,2022-02-18
917,2022-02-20T00:00:46.894Z,/sonometros,NoiseLevelObserved,T248678-daily,60.4,57.9,68.1,63.1,62.2,2022-02-19
918,2022-02-21T00:00:46.368Z,/sonometros,NoiseLevelObserved,T248678-daily,61.1,57.6,69.8,56.7,64.4,2022-02-20
919,2022-02-22T00:01:46.598Z,/sonometros,NoiseLevelObserved,T248678-daily,57.7,59.7,59.6,53.7,49.7,2022-02-21
920,2022-02-23T00:00:50.975Z,/sonometros,NoiseLevelObserved,T248678-daily,64.2,66.5,64.6,53.0,47.9,2022-02-22
921,2022-02-24T00:00:50.883Z,/sonometros,NoiseLevelObserved,T248678-daily,57.8,59.8,59.2,54.1,47.8,2022-02-23
922,2022-02-25T00:00:53.96Z,/sonometros,NoiseLevelObserved,T248678-daily,58.2,60.0,60.6,56.7,51.3,2022-02-24
923,2022-02-26T00:00:55.505Z,/sonometros,NoiseLevelObserved,T248678-daily,68.6,60.9,73.7,78.8,59.6,2022-02-25
924,2022-02-27T00:00:57.116Z,/sonometros,NoiseLevelObserved,T248678-daily,61.3,57.7,69.8,60.9,64.3,2022-02-26
925,2022-02-28T00:00:57.232Z,/sonometros,NoiseLevelObserved,T248678-daily,68.3,70.1,71.3,58.3,63.5,2022-02-27
926,2022-03-01T00:25:59.262Z,/sonometros,NoiseLevelObserved,T248678-daily,58.0,59.8,60.1,56.4,50.3,2022-02-28
927,2022-03-02T00:00:04.287Z,/sonometros,NoiseLevelObserved,T248678-daily,57.3,59.1,59.6,55.2,50.3,2022-03-01
928,2022-03-03T00:00:05.188Z,/sonometros,NoiseLevelObserved,T248678-daily,56.3,57.8,59.0,56.6,49.9,2022-03-02
929,2022-03-04T00:00:06.249Z,/sonometros,NoiseLevelObserved,T248678-daily,56.9,58.2,60.3,58.0,52.0,2022-03-03
930,2022-03-05T00:01:08.129Z,/sonometros,NoiseLevelObserved,T248678-daily,61.8,61.9,68.1,61.0,61.9,2022-03-04
931,2022-03-06T00:00:27.61Z,/sonometros,NoiseLevelObserved,T248678-daily,66.4,65.1,73.1,70.5,66.7,2022-03-05
932,2022-03-07T00:00:13.155Z,/sonometros,NoiseLevelObserved,T248678-daily,66.0,65.6,73.2,55.3,67.5,2022-03-06
965,2022-03-08T00:00:16.835Z,/sonometros,NoiseLevelObserved,T248678-daily,60.2,62.1,61.9,56.9,51.6,2022-03-07
966,2022-03-09T00:00:15.917Z,/sonometros,NoiseLevelObserved,T248678-daily,59.9,61.9,61.6,55.5,51.4,2022-03-08
967,2022-03-10T00:01:17.750Z,/sonometros,NoiseLevelObserved,T248678-daily,58.8,59.1,65.0,55.4,58.9,2022-03-09
968,2022-03-11T00:00:20.217Z,/sonometros,NoiseLevelObserved,T248678-daily,71.4,60.0,76.4,82.1,53.8,2022-03-10
969,2022-03-12T00:00:20.802Z,/sonometros,NoiseLevelObserved,T248678-daily,66.2,66.8,70.5,69.8,62.5,2022-03-11
970,2022-03-13T00:00:22.392Z,/sonometros,NoiseLevelObserved,T248678-daily,75.6,74.1,81.2,82.5,73.3,2022-03-12
971,2022-03-14T00:00:24.456Z,/sonometros,NoiseLevelObserved,T248678-daily,78.0,75.2,86.4,75.3,80.9,2022-03-13
972,2022-03-15T00:00:26.847Z,/sonometros,NoiseLevelObserved,T248678-daily,71.9,73.3,73.5,74.9,57.5,2022-03-14
973,2022-03-16T00:00:29.911Z,/sonometros,NoiseLevelObserved,T248678-daily,76.0,76.7,79.3,80.9,68.8,2022-03-15
974,2022-03-17T00:00:32.572Z,/sonometros,NoiseLevelObserved,T248678-daily,80.0,78.6,87.2,81.7,81.2,2022-03-16
975,2022-03-18T00:00:32.459Z,/sonometros,NoiseLevelObserved,T248678-daily,75.8,73.7,83.0,80.1,76.8,2022-03-17
976,2022-03-19T00:00:34.398Z,/sonometros,NoiseLevelObserved,T248678-daily,88.0,90.0,89.6,81.6,79.5,2022-03-18
977,2022-03-20T00:00:37.292Z,/sonometros,NoiseLevelObserved,T248678-daily,90.8,92.1,93.8,92.2,84.8,2022-03-19
978,2022-03-21T00:00:39.229Z,/sonometros,NoiseLevelObserved,T248678-daily,74.7,65.2,84.4,54.7,79.2,2022-03-20
979,2022-03-22T00:00:47.959Z,/sonometros,NoiseLevelObserved,T248678-daily,59.9,61.6,62.1,59.4,52.2,2022-03-21
980,2022-03-23T00:00:52.755Z,/sonometros,NoiseLevelObserved,T248678-daily,57.1,56.4,64.3,54.2,58.5,2022-03-22
981,2022-03-24T00:00:47.809Z,/sonometros,NoiseLevelObserved,T248678-daily,58.4,60.2,60.8,56.2,51.7,2022-03-23
982,2022-03-25T00:01:45.666Z,/sonometros,NoiseLevelObserved,T248678-daily,58.8,59.3,64.6,57.6,58.2,2022-03-24
983,2022-03-26T00:00:49.355Z,/sonometros,NoiseLevelObserved,T248678-daily,58.0,59.4,61.4,58.9,53.1,2022-03-25
984,2022-03-27T00:00:50.218Z,/sonometros,NoiseLevelObserved,T248678-daily,60.3,59.3,67.7,59.2,61.9,2022-03-26
985,2022-03-28T00:00:51.952Z,/sonometros,NoiseLevelObserved,T248678-daily,62.2,56.1,71.5,56.8,66.6,2022-03-27
986,2022-03-29T00:00:53.899Z,/sonometros,NoiseLevelObserved,T248678-daily,57.8,59.2,61.1,58.0,52.8,2022-03-28
987,2022-03-30T00:00:56.853Z,/sonometros,NoiseLevelObserved,T248678-daily,55.3,56.8,58.5,54.7,50.2,2022-03-29
988,2022-03-31T00:00:57.438Z,/sonometros,NoiseLevelObserved,T248678-daily,57.0,58.7,59.6,54.4,50.9,2022-03-30
989,2022-04-01T00:00:01.702Z,/sonometros,NoiseLevelObserved,T248678-daily,57.0,58.2,60.4,57.9,52.2,2022-03-31
990,2022-04-02T00:00:08.20Z,/sonometros,NoiseLevelObserved,T248678-daily,59.0,58.0,66.0,59.4,60.1,2022-04-01
991,2022-04-03T00:00:04.534Z,/sonometros,NoiseLevelObserved,T248678-daily,58.9,58.0,66.0,58.9,60.1,2022-04-02
992,2022-04-04T00:00:21.540Z,/sonometros,NoiseLevelObserved,T248678-daily,60.3,56.4,69.2,55.1,63.8,2022-04-03
993,2022-04-05T00:00:08.270Z,/sonometros,NoiseLevelObserved,T248678-daily,56.7,57.9,59.7,59.2,50.2,2022-04-04
994,2022-04-06T00:00:13.163Z,/sonometros,NoiseLevelObserved,T248678-daily,55.9,57.6,58.3,53.3,49.4,2022-04-05
995,2022-04-07T00:00:13.829Z,/sonometros,NoiseLevelObserved,T248678-daily,57.3,59.1,59.6,55.9,50.0,2022-04-06
996,2022-04-08T00:00:14.108Z,/sonometros,NoiseLevelObserved,T248678-daily,56.3,56.8,61.0,60.0,53.4,2022-04-07
997,2022-04-09T00:00:17.307Z,/sonometros,NoiseLevelObserved,T248678-daily,60.2,58.9,67.3,62.5,61.2,2022-04-08
998,2022-04-10T00:00:19.433Z,/sonometros,NoiseLevelObserved,T248678-daily,59.3,58.0,66.6,60.7,60.7,2022-04-09
999,2022-04-11T00:00:21.303Z,/sonometros,NoiseLevelObserved,T248678-daily,61.0,56.3,70.1,56.9,64.7,2022-04-10
1000,2022-04-12T00:00:21.89Z,/sonometros,NoiseLevelObserved,T248678-daily,58.0,59.8,60.1,56.8,50.1,2022-04-11
1001,2022-04-13T00:00:23.106Z,/sonometros,NoiseLevelObserved,T248678-daily,56.3,57.9,59.0,55.4,50.1,2022-04-12
1002,2022-04-14T00:00:25.67Z,/sonometros,NoiseLevelObserved,T248678-daily,57.3,58.7,60.2,58.6,51.1,2022-04-13
1003,2022-04-15T00:00:27.246Z,/sonometros,NoiseLevelObserved,T248678-daily,57.1,57.7,61.6,60.2,53.9,2022-04-14
1004,2022-04-16T00:00:29.467Z,/sonometros,NoiseLevelObserved,T248678-daily,60.3,56.2,69.0,60.2,63.5,2022-04-15
1005,2022-04-17T00:00:32.26Z,/sonometros,NoiseLevelObserved,T248678-daily,58.1,55.0,66.3,60.0,60.6,2022-04-16
1006,2022-04-18T00:00:33.791Z,/sonometros,NoiseLevelObserved,T248678-daily,58.7,56.6,66.8,56.8,61.2,2022-04-17
1007,2022-04-19T00:00:37.545Z,/sonometros,NoiseLevelObserved,T248678-daily,55.0,56.1,59.1,55.9,51.6,2022-04-18
1008,2022-04-20T00:01:38.553Z,/sonometros,NoiseLevelObserved,T248678-daily,55.0,56.2,58.8,54.3,51.3,2022-04-19
1009,2022-04-21T00:00:41.19Z,/sonometros,NoiseLevelObserved,T248678-daily,58.8,60.7,60.7,54.2,50.9,2022-04-20
