﻿_id,recvTime,fiwareServicePath,entityType,entityId,LAeq,LAeq_d,LAeq_den,LAeq_e,LAeq_n,dateObserved
1,2020-11-18T13:40:52.283Z,/sonometros,NoiseLevelObserved,T248682-daily,59.6,61.4,61.6,57.9,51.6,2020-11-17
2,2020-11-19T00:00:47.642Z,/sonometros,NoiseLevelObserved,T248682-daily,59.8,61.5,61.8,60.2,51.0,2020-11-18
3,2020-11-21T00:00:10.965Z,/sonometros,NoiseLevelObserved,T248682-daily,59.8,61.0,62.9,59.6,55.0,2020-11-20
4,2020-11-22T00:00:12.449Z,/sonometros,NoiseLevelObserved,T248682-daily,58.7,60.1,62.1,59.1,53.8,2020-11-21
5,2020-11-23T00:00:16.224Z,/sonometros,NoiseLevelObserved,T248682-daily,58.3,60.0,60.6,58.2,50.7,2020-11-22
6,2020-11-24T00:00:18.657Z,/sonometros,NoiseLevelObserved,T248682-daily,59.4,61.2,61.4,59.1,50.8,2020-11-23
7,2020-11-25T00:00:18.633Z,/sonometros,NoiseLevelObserved,T248682-daily,59.6,61.4,61.7,58.4,51.7,2020-11-24
8,2020-11-26T00:00:22.476Z,/sonometros,NoiseLevelObserved,T248682-daily,59.1,60.7,61.8,58.6,52.9,2020-11-25
9,2020-09-18 12:40:17.154,/sonometros,NoiseLevelObserved,T248682-daily,62.3,64.3,63.7,59,52.1,2020-09-17
10,2020-09-19 00:00:27.667,/sonometros,NoiseLevelObserved,T248682-daily,60.9,62.6,63.2,60.1,53.7,2020-09-18
11,2020-09-20 00:00:30.306,/sonometros,NoiseLevelObserved,T248682-daily,57.6,58.7,61.7,58.5,54.1,2020-09-19
12,2020-09-21 00:00:33.77,/sonometros,NoiseLevelObserved,T248682-daily,55.9,56.6,60.4,58,53,2020-09-20
13,2020-09-22 00:00:35.473,/sonometros,NoiseLevelObserved,T248682-daily,60.1,61.9,62.2,58.3,52.5,2020-09-21
14,2020-09-23 00:00:38.51,/sonometros,NoiseLevelObserved,T248682-daily,62.1,64.2,63.3,58.2,51,2020-09-22
15,2020-09-24 00:00:40.830,/sonometros,NoiseLevelObserved,T248682-daily,60.7,62.6,62.4,58.4,51.8,2020-09-23
16,2020-09-25 00:00:43.413,/sonometros,NoiseLevelObserved,T248682-daily,61.5,63.3,63.4,60.8,52.8,2020-09-24
17,2020-09-26 00:00:46.39,/sonometros,NoiseLevelObserved,T248682-daily,59.4,60.8,62.9,58.8,54.9,2020-09-25
18,2020-09-27 00:00:48.750,/sonometros,NoiseLevelObserved,T248682-daily,57.4,58.7,61.3,57.9,53.5,2020-09-26
19,2020-10-14 00:00:41.588,/sonometros,NoiseLevelObserved,T248682-daily,58.7,59.6,61.8,57.8,55.1,2020-10-13
20,2020-10-15 00:00:00.324,/sonometros,NoiseLevelObserved,T248682-daily,62.7,64.7,64.2,61.3,52.4,2020-10-14
21,2020-10-16 00:00:27.113,/sonometros,NoiseLevelObserved,T248682-daily,60.4,62.4,62.3,57.6,52,2020-10-15
22,2020-10-17 00:00:28.706,/sonometros,NoiseLevelObserved,T248682-daily,59.4,61,62,59.7,52.5,2020-10-16
23,2020-10-18 00:00:31.676,/sonometros,NoiseLevelObserved,T248682-daily,58.3,59,62.5,61.3,54.5,2020-10-17
24,2020-10-19 00:00:34.98,/sonometros,NoiseLevelObserved,T248682-daily,57.8,59,61.6,58.7,53.8,2020-10-18
25,2020-10-20 00:00:37.82,/sonometros,NoiseLevelObserved,T248682-daily,60.1,61.9,62.2,59,52,2020-10-19
26,2020-10-21 00:00:39.552,/sonometros,NoiseLevelObserved,T248682-daily,60.3,62.1,62.4,58.5,52.5,2020-10-20
27,2020-10-22 00:00:41.886,/sonometros,NoiseLevelObserved,T248682-daily,58.6,60.2,61.2,58.3,51.9,2020-10-21
28,2020-10-23 00:00:44.406,/sonometros,NoiseLevelObserved,T248682-daily,59.5,61.2,61.8,59.1,52.1,2020-10-22
29,2020-10-24 00:00:46.783,/sonometros,NoiseLevelObserved,T248682-daily,59.3,60.9,62,58.8,53.1,2020-10-23
30,2020-10-25 00:00:49.34,/sonometros,NoiseLevelObserved,T248682-daily,57.9,59.1,61.8,58.6,54.1,2020-10-24
31,2020-10-26 00:00:51.195,/sonometros,NoiseLevelObserved,T248682-daily,57.9,59.4,61.3,58.1,52.9,2020-10-25
32,2020-10-27 00:00:53.687,/sonometros,NoiseLevelObserved,T248682-daily,60.1,62,61.8,57.3,51.4,2020-10-26
33,2020-10-28 00:00:55.679,/sonometros,NoiseLevelObserved,T248682-daily,60.1,62,61.6,57.5,50.4,2020-10-27
34,2020-10-29 00:00:57.741,/sonometros,NoiseLevelObserved,T248682-daily,60.2,62.2,61.7,57.6,50.2,2020-10-28
35,2020-10-30 00:00:01.791,/sonometros,NoiseLevelObserved,T248682-daily,59.6,61.1,62.3,59.6,53.3,2020-10-29
36,2020-10-31 00:00:04.976,/sonometros,NoiseLevelObserved,T248682-daily,60.7,62.3,63,61.3,52.8,2020-10-30
37,2020-11-01 00:00:06.620,/sonometros,NoiseLevelObserved,T248682-daily,59.3,60.3,62.6,62.8,53.3,2020-10-31
38,2020-11-02 00:00:41.525,/sonometros,NoiseLevelObserved,T248682-daily,57.4,58.9,60.4,57.7,51.7,2020-11-01
39,2020-11-03 00:00:14.785,/sonometros,NoiseLevelObserved,T248682-daily,60.1,62,61.8,58.6,50.8,2020-11-02
40,2020-11-04 00:00:14.132,/sonometros,NoiseLevelObserved,T248682-daily,62.1,64.1,63.3,58.1,51.4,2020-11-03
41,2020-11-05 00:00:15.209,/sonometros,NoiseLevelObserved,T248682-daily,60.3,61.6,63.4,61.3,54.8,2020-11-04
42,2020-11-06 00:00:17.842,/sonometros,NoiseLevelObserved,T248682-daily,63.2,64.8,66.5,59.6,58.7,2020-11-05
43,2020-11-07 00:00:20.656,/sonometros,NoiseLevelObserved,T248682-daily,60.9,62.5,63.5,61.1,54.1,2020-11-06
44,2020-11-08 00:00:23.610,/sonometros,NoiseLevelObserved,T248682-daily,61.2,62.9,64,60,55.2,2020-11-07
45,2020-11-09 00:00:24.168,/sonometros,NoiseLevelObserved,T248682-daily,57.2,58.7,60.3,58.2,51.5,2020-11-08
46,2020-11-10 00:00:27.315,/sonometros,NoiseLevelObserved,T248682-daily,59.6,61.4,61.6,58.8,51.3,2020-11-09
47,2020-11-11 00:00:29.531,/sonometros,NoiseLevelObserved,T248682-daily,59.5,61.2,61.8,58.7,52.2,2020-11-10
48,2020-11-12 00:00:32.398,/sonometros,NoiseLevelObserved,T248682-daily,59.2,60.9,61.5,59.4,51.5,2020-11-11
49,2020-11-13 00:00:34.36,/sonometros,NoiseLevelObserved,T248682-daily,59.2,60.9,61.5,58.7,51.7,2020-11-12
50,2020-11-14 00:00:36.523,/sonometros,NoiseLevelObserved,T248682-daily,59.6,61,62.5,61.1,53.2,2020-11-13
51,2020-11-15 00:00:38.186,/sonometros,NoiseLevelObserved,T248682-daily,59.1,60.5,62.2,60.2,53.3,2020-11-14
52,2020-11-16 00:00:40.426,/sonometros,NoiseLevelObserved,T248682-daily,57.4,58.8,60.4,57.5,51.9,2020-11-15
53,2020-11-17 00:00:44.90,/sonometros,NoiseLevelObserved,T248682-daily,58.7,60.5,60.5,57.4,50,2020-11-16
54,2020-11-27T00:00:23.317Z,/sonometros,NoiseLevelObserved,T248682-daily,59.9,61.6,62.4,59.0,53.2,2020-11-26
55,2020-11-28T00:00:25.643Z,/sonometros,NoiseLevelObserved,T248682-daily,66.5,68.7,67.3,60.2,53.7,2020-11-27
56,2020-11-29T00:00:27.520Z,/sonometros,NoiseLevelObserved,T248682-daily,59.5,60.8,62.8,61.0,54.2,2020-11-28
57,2020-11-30T00:00:30.365Z,/sonometros,NoiseLevelObserved,T248682-daily,57.4,58.8,60.6,58.7,51.9,2020-11-29
58,2020-12-01T00:00:32.132Z,/sonometros,NoiseLevelObserved,T248682-daily,59.3,60.9,61.7,59.7,51.8,2020-11-30
59,2020-12-02T00:00:34.643Z,/sonometros,NoiseLevelObserved,T248682-daily,59.5,61.2,61.7,58.6,52.0,2020-12-01
60,2020-12-03T00:00:36.722Z,/sonometros,NoiseLevelObserved,T248682-daily,59.0,60.7,61.4,58.8,51.8,2020-12-02
61,2020-12-04T00:00:39.343Z,/sonometros,NoiseLevelObserved,T248682-daily,59.5,61.2,61.9,59.1,52.3,2020-12-03
62,2020-12-05T00:00:42.162Z,/sonometros,NoiseLevelObserved,T248682-daily,60.4,61.7,63.5,62.3,54.4,2020-12-04
63,2020-12-06T00:00:43.781Z,/sonometros,NoiseLevelObserved,T248682-daily,59.5,61.1,62.2,59.1,53.3,2020-12-05
64,2020-12-07T00:01:44.588Z,/sonometros,NoiseLevelObserved,T248682-daily,57.7,58.8,60.9,60.7,51.6,2020-12-06
65,2020-12-08T00:00:47.800Z,/sonometros,NoiseLevelObserved,T248682-daily,59.8,61.4,62.6,59.0,53.9,2020-12-07
66,2020-12-09T00:00:49.234Z,/sonometros,NoiseLevelObserved,T248682-daily,57.9,59.1,61.7,57.6,54.0,2020-12-08
67,2020-12-10T00:00:52.491Z,/sonometros,NoiseLevelObserved,T248682-daily,59.7,61.6,61.7,57.9,51.5,2020-12-09
68,2020-12-11T00:00:53.899Z,/sonometros,NoiseLevelObserved,T248682-daily,58.9,60.5,61.6,58.6,52.5,2020-12-10
69,2020-12-12T00:00:58.400Z,/sonometros,NoiseLevelObserved,T248682-daily,60.4,61.5,64.4,61.3,56.7,2020-12-11
70,2020-12-13T00:00:03.377Z,/sonometros,NoiseLevelObserved,T248682-daily,59.2,60.7,62.2,59.2,53.5,2020-12-12
71,2020-12-14T00:00:04.696Z,/sonometros,NoiseLevelObserved,T248682-daily,57.3,58.4,61.2,58.0,53.6,2020-12-13
72,2020-12-15T00:01:06.275Z,/sonometros,NoiseLevelObserved,T248682-daily,59.4,61.1,61.7,59.4,51.8,2020-12-14
73,2020-12-16T00:00:16.537Z,/sonometros,NoiseLevelObserved,T248682-daily,61.9,63.9,63.3,58.4,51.8,2020-12-15
74,2020-12-17T00:00:11.880Z,/sonometros,NoiseLevelObserved,T248682-daily,59.3,61.0,61.6,58.9,51.8,2020-12-16
75,2020-12-18T01:49:38.688Z,/sonometros,NoiseLevelObserved,T248682-daily,60.4,62.0,63.1,59.6,54.3,2020-12-17
76,2020-12-19T00:00:15.100Z,/sonometros,NoiseLevelObserved,T248682-daily,60.5,61.5,64.3,62.9,56.0,2020-12-18
77,2020-12-20T00:00:17.671Z,/sonometros,NoiseLevelObserved,T248682-daily,58.2,59.5,61.6,59.7,53.2,2020-12-19
78,2020-12-21T00:01:20.244Z,/sonometros,NoiseLevelObserved,T248682-daily,58.9,60.5,61.4,58.7,52.1,2020-12-20
79,2020-12-22T00:00:22.750Z,/sonometros,NoiseLevelObserved,T248682-daily,59.5,61.1,62.0,59.6,52.6,2020-12-21
80,2020-12-23T00:00:22.903Z,/sonometros,NoiseLevelObserved,T248682-daily,59.9,61.5,62.5,60.8,52.7,2020-12-22
81,2020-12-24T00:00:25.944Z,/sonometros,NoiseLevelObserved,T248682-daily,60.8,62.6,62.9,60.5,52.4,2020-12-23
82,2020-12-25T00:00:28.805Z,/sonometros,NoiseLevelObserved,T248682-daily,59.4,61.3,61.6,55.0,52.3,2020-12-24
83,2020-12-26T00:00:30.692Z,/sonometros,NoiseLevelObserved,T248682-daily,62.2,60.1,70.3,57.5,64.8,2020-12-25
84,2020-12-27T02:29:47.931Z,/sonometros,NoiseLevelObserved,T248682-daily,58.0,59.4,60.6,60.1,50.5,2020-12-26
85,2020-12-28T00:00:36.119Z,/sonometros,NoiseLevelObserved,T248682-daily,57.1,58.3,60.1,59.8,50.6,2020-12-27
86,2020-12-29T00:00:36.921Z,/sonometros,NoiseLevelObserved,T248682-daily,60.9,62.6,63.8,59.1,55.3,2020-12-28
87,2020-12-30T00:00:38.977Z,/sonometros,NoiseLevelObserved,T248682-daily,59.7,61.4,62.4,59.4,53.2,2020-12-29
88,2020-12-31T00:00:41.89Z,/sonometros,NoiseLevelObserved,T248682-daily,59.3,61.1,61.3,58.4,50.9,2020-12-30
89,2021-01-01T00:00:44.232Z,/sonometros,NoiseLevelObserved,T248682-daily,58.8,60.6,61.3,55.9,52.3,2020-12-31
90,2021-01-02T00:00:46.177Z,/sonometros,NoiseLevelObserved,T248682-daily,61.7,60.2,69.6,57.2,64.0,2021-01-01
91,2021-01-03T00:00:47.665Z,/sonometros,NoiseLevelObserved,T248682-daily,57.5,58.9,60.5,58.5,51.5,2021-01-02
92,2021-01-04T00:00:49.273Z,/sonometros,NoiseLevelObserved,T248682-daily,57.8,59.4,59.8,58.6,48.7,2021-01-03
93,2021-01-05T00:00:52.612Z,/sonometros,NoiseLevelObserved,T248682-daily,59.0,60.7,61.7,58.8,52.6,2021-01-04
94,2021-01-06T00:00:54.400Z,/sonometros,NoiseLevelObserved,T248682-daily,59.1,60.6,61.8,61.1,51.7,2021-01-05
95,2021-01-07T00:00:57.789Z,/sonometros,NoiseLevelObserved,T248682-daily,56.9,58.4,59.4,58.6,49.3,2021-01-06
96,2021-01-08T00:00:58.653Z,/sonometros,NoiseLevelObserved,T248682-daily,60.0,61.7,62.0,59.4,51.8,2021-01-07
97,2021-01-09T00:00:03.531Z,/sonometros,NoiseLevelObserved,T248682-daily,61.4,63.1,63.5,61.5,53.1,2021-01-08
98,2021-01-10T00:00:11.44Z,/sonometros,NoiseLevelObserved,T248682-daily,59.6,61.3,62.0,58.7,52.7,2021-01-09
99,2021-01-11T00:00:07.486Z,/sonometros,NoiseLevelObserved,T248682-daily,58.2,60.0,60.3,57.7,49.9,2021-01-10
100,2021-01-12T00:00:11.313Z,/sonometros,NoiseLevelObserved,T248682-daily,59.5,61.4,61.5,57.5,51.4,2021-01-11
101,2021-01-13T00:00:09.914Z,/sonometros,NoiseLevelObserved,T248682-daily,58.6,60.4,60.9,57.8,51.0,2021-01-12
102,2021-01-14T00:00:27.333Z,/sonometros,NoiseLevelObserved,T248682-daily,60.0,62.0,61.7,58.0,50.7,2021-01-13
103,2021-01-15T00:00:15.447Z,/sonometros,NoiseLevelObserved,T248682-daily,58.9,60.7,60.7,57.9,49.9,2021-01-14
104,2021-01-16T00:00:17.262Z,/sonometros,NoiseLevelObserved,T248682-daily,59.0,60.7,61.1,58.2,51.2,2021-01-15
105,2021-01-17T00:00:19.894Z,/sonometros,NoiseLevelObserved,T248682-daily,60.0,62.0,61.1,57.3,48.3,2021-01-16
106,2021-01-18T00:00:21.247Z,/sonometros,NoiseLevelObserved,T248682-daily,56.3,58.0,58.3,56.3,47.8,2021-01-17
107,2021-01-19T00:00:21.618Z,/sonometros,NoiseLevelObserved,T248682-daily,59.2,61.1,61.0,57.7,50.1,2021-01-18
108,2021-01-20T00:00:24.487Z,/sonometros,NoiseLevelObserved,T248682-daily,58.9,60.8,60.6,57.5,49.6,2021-01-19
109,2021-01-21T00:00:26.98Z,/sonometros,NoiseLevelObserved,T248682-daily,60.6,62.7,62.0,57.6,50.2,2021-01-20
110,2021-01-22T00:00:28.182Z,/sonometros,NoiseLevelObserved,T248682-daily,61.8,63.9,62.7,56.2,49.7,2021-01-21
111,2021-01-23T00:00:30.704Z,/sonometros,NoiseLevelObserved,T248682-daily,59.7,61.7,60.9,58.0,48.1,2021-01-22
112,2021-01-24T00:00:33.862Z,/sonometros,NoiseLevelObserved,T248682-daily,57.3,59.3,58.9,55.3,47.6,2021-01-23
113,2021-01-25T00:00:35.515Z,/sonometros,NoiseLevelObserved,T248682-daily,57.4,57.4,63.3,58.9,56.8,2021-01-24
114,2021-01-26T00:00:37.917Z,/sonometros,NoiseLevelObserved,T248682-daily,58.2,60.1,59.9,56.3,49.2,2021-01-25
115,2021-01-27T00:01:40.789Z,/sonometros,NoiseLevelObserved,T248682-daily,59.4,61.4,60.7,57.3,48.6,2021-01-26
116,2021-01-28T00:00:42.785Z,/sonometros,NoiseLevelObserved,T248682-daily,60.5,62.6,61.6,56.0,49.3,2021-01-27
117,2021-01-29T00:00:01.382Z,/sonometros,NoiseLevelObserved,T248682-daily,61.8,64.0,62.6,55.5,49.3,2021-01-28
118,2021-01-30T00:00:04.230Z,/sonometros,NoiseLevelObserved,T248682-daily,58.9,60.9,60.4,56.5,49.0,2021-01-29
119,2021-01-31T00:00:19.458Z,/sonometros,NoiseLevelObserved,T248682-daily,58.9,60.9,60.3,56.6,48.6,2021-01-30
120,2021-02-01T00:00:08.847Z,/sonometros,NoiseLevelObserved,T248682-daily,57.2,59.2,58.4,55.9,44.9,2021-01-31
121,2021-02-02T00:00:10.888Z,/sonometros,NoiseLevelObserved,T248682-daily,58.9,60.6,61.7,56.9,53.1,2021-02-01
122,2021-02-03T00:00:12.942Z,/sonometros,NoiseLevelObserved,T248682-daily,58.6,60.6,60.0,56.3,48.1,2021-02-02
123,2021-02-04T00:00:14.771Z,/sonometros,NoiseLevelObserved,T248682-daily,59.6,61.6,61.0,56.5,49.6,2021-02-03
124,2021-02-05T00:00:18.204Z,/sonometros,NoiseLevelObserved,T248682-daily,59.5,61.5,60.8,57.7,48.5,2021-02-04
125,2021-02-06T00:00:28.78Z,/sonometros,NoiseLevelObserved,T248682-daily,59.4,61.3,61.1,58.1,50.0,2021-02-05
126,2021-02-07T00:00:24.103Z,/sonometros,NoiseLevelObserved,T248682-daily,57.5,59.3,59.5,57.0,48.8,2021-02-06
127,2021-02-08T00:00:22.743Z,/sonometros,NoiseLevelObserved,T248682-daily,56.7,58.5,58.6,56.7,47.4,2021-02-07
128,2021-02-09T00:00:24.650Z,/sonometros,NoiseLevelObserved,T248682-daily,60.8,62.9,62.1,56.9,50.5,2021-02-08
129,2021-02-10T00:00:27.8Z,/sonometros,NoiseLevelObserved,T248682-daily,59.9,61.9,61.2,57.1,49.0,2021-02-09
130,2021-02-11T00:00:29.493Z,/sonometros,NoiseLevelObserved,T248682-daily,61.1,63.2,62.5,56.4,51.2,2021-02-10
131,2021-02-12T00:00:32.994Z,/sonometros,NoiseLevelObserved,T248682-daily,58.3,60.3,59.8,56.7,48.1,2021-02-11
132,2021-02-13T00:00:34.699Z,/sonometros,NoiseLevelObserved,T248682-daily,58.4,60.3,60.1,57.4,48.7,2021-02-12
133,2021-02-14T00:00:37.42Z,/sonometros,NoiseLevelObserved,T248682-daily,57.2,58.8,59.2,58.9,47.4,2021-02-13
134,2021-02-15T00:00:40.446Z,/sonometros,NoiseLevelObserved,T248682-daily,63.7,65.8,64.5,58.1,51.2,2021-02-14
135,2021-02-16T00:00:42.417Z,/sonometros,NoiseLevelObserved,T248682-daily,59.7,61.6,61.5,56.7,51.2,2021-02-15
136,2021-02-17T00:26:51.289Z,/sonometros,NoiseLevelObserved,T248682-daily,58.9,60.8,60.7,57.1,50.1,2021-02-16
137,2021-03-04T20:03:36.593Z,/sonometros,NoiseLevelObserved,T248682-daily,61.2,63.2,62.3,58.8,49.2,2021-03-03
138,2021-03-05T00:00:21.692Z,/sonometros,NoiseLevelObserved,T248682-daily,60.5,62.5,61.7,58.1,49.3,2021-03-04
139,2021-03-06T00:00:22.944Z,/sonometros,NoiseLevelObserved,T248682-daily,60.0,61.9,61.5,59.0,49.7,2021-03-05
140,2021-03-07T00:00:25.569Z,/sonometros,NoiseLevelObserved,T248682-daily,60.3,62.3,61.5,59.0,47.9,2021-03-06
141,2021-03-08T00:00:26.902Z,/sonometros,NoiseLevelObserved,T248682-daily,58.8,60.6,60.7,58.9,49.4,2021-03-07
142,2021-03-09T00:00:29.291Z,/sonometros,NoiseLevelObserved,T248682-daily,60.6,62.6,62.0,57.9,50.5,2021-03-08
143,2021-03-10T00:00:32.601Z,/sonometros,NoiseLevelObserved,T248682-daily,60.2,62.2,61.5,57.0,49.6,2021-03-09
144,2021-03-11T00:01:12.613Z,/sonometros,NoiseLevelObserved,T248682-daily,60.8,62.9,62.0,58.0,49.0,2021-03-10
145,2021-03-12T00:01:14.332Z,/sonometros,NoiseLevelObserved,T248682-daily,58.6,60.6,60.3,57.0,48.9,2021-03-11
146,2021-03-13T00:00:19.61Z,/sonometros,NoiseLevelObserved,T248682-daily,59.1,61.0,60.7,58.5,49.0,2021-03-12
147,2021-03-14T00:00:20.357Z,/sonometros,NoiseLevelObserved,T248682-daily,58.3,60.2,59.7,57.4,47.3,2021-03-13
148,2021-03-15T00:00:20.785Z,/sonometros,NoiseLevelObserved,T248682-daily,58.8,60.8,59.8,56.7,46.0,2021-03-14
149,2021-04-07T00:00:52.406Z,/sonometros,NoiseLevelObserved,T248682-daily,59.3,60.5,61.8,56.8,55.2,2021-04-06
150,2021-04-08T00:00:54.285Z,/sonometros,NoiseLevelObserved,T248682-daily,59.6,61.6,61.1,58.0,49.0,2021-04-07
151,2021-04-09T00:00:56.816Z,/sonometros,NoiseLevelObserved,T248682-daily,60.0,61.9,61.3,58.2,49.2,2021-04-08
152,2021-04-10T00:00:00.291Z,/sonometros,NoiseLevelObserved,T248682-daily,60.3,62.1,61.9,59.7,50.5,2021-04-09
153,2021-04-11T00:00:20.122Z,/sonometros,NoiseLevelObserved,T248682-daily,61.0,63.1,62.3,58.3,49.7,2021-04-10
154,2021-04-12T00:00:06.882Z,/sonometros,NoiseLevelObserved,T248682-daily,57.3,59.0,59.7,57.7,49.8,2021-04-11
155,2021-04-13T00:00:08.718Z,/sonometros,NoiseLevelObserved,T248682-daily,59.7,61.7,61.0,57.5,48.9,2021-04-12
156,2021-04-14T00:00:43.759Z,/sonometros,NoiseLevelObserved,T248682-daily,59.4,61.4,60.8,57.3,48.8,2021-04-13
157,2021-04-15T00:00:47.241Z,/sonometros,NoiseLevelObserved,T248682-daily,59.6,61.5,61.3,58.8,49.7,2021-04-14
158,2021-04-16T00:00:15.123Z,/sonometros,NoiseLevelObserved,T248682-daily,61.3,63.4,62.6,57.4,50.7,2021-04-15
159,2021-04-17T00:00:20.338Z,/sonometros,NoiseLevelObserved,T248682-daily,59.5,61.2,61.6,58.8,51.6,2021-04-16
160,2021-04-18T00:00:22.616Z,/sonometros,NoiseLevelObserved,T248682-daily,59.9,61.9,60.8,57.5,46.7,2021-04-17
161,2021-04-19T00:00:23.503Z,/sonometros,NoiseLevelObserved,T248682-daily,59.7,61.7,61.1,58.4,48.8,2021-04-18
162,2021-04-20T00:00:22.991Z,/sonometros,NoiseLevelObserved,T248682-daily,58.8,60.6,61.1,57.7,51.4,2021-04-19
163,2021-04-21T00:00:25.873Z,/sonometros,NoiseLevelObserved,T248682-daily,59.3,61.3,61.0,57.1,49.9,2021-04-20
164,2021-04-22T00:00:27.720Z,/sonometros,NoiseLevelObserved,T248682-daily,59.6,61.4,62.0,57.7,52.8,2021-04-21
165,2021-04-23T00:00:29.546Z,/sonometros,NoiseLevelObserved,T248682-daily,61.3,63.1,63.3,58.8,53.4,2021-04-22
166,2021-04-24T05:52:42.835Z,/sonometros,NoiseLevelObserved,T248682-daily,59.6,61.2,61.9,60.0,52.0,2021-04-23
167,2021-04-25T00:00:34.403Z,/sonometros,NoiseLevelObserved,T248682-daily,59.9,61.5,62.3,61.0,52.1,2021-04-24
168,2021-04-26T00:00:36.938Z,/sonometros,NoiseLevelObserved,T248682-daily,58.7,60.3,61.3,58.4,52.2,2021-04-25
169,2021-04-27T00:00:39.511Z,/sonometros,NoiseLevelObserved,T248682-daily,59.8,61.4,62.8,58.4,54.5,2021-04-26
170,2021-04-28T00:00:42.364Z,/sonometros,NoiseLevelObserved,T248682-daily,59.8,61.6,61.4,59.8,49.4,2021-04-27
171,2021-04-29T00:00:44.358Z,/sonometros,NoiseLevelObserved,T248682-daily,60.1,62.0,62.0,58.8,51.3,2021-04-28
172,2021-04-30T00:00:46.729Z,/sonometros,NoiseLevelObserved,T248682-daily,60.0,61.8,62.0,58.8,51.7,2021-04-29
173,2021-05-01T00:00:49.934Z,/sonometros,NoiseLevelObserved,T248682-daily,59.8,61.4,62.0,61.3,51.2,2021-04-30
174,2021-05-02T00:00:51.171Z,/sonometros,NoiseLevelObserved,T248682-daily,57.9,59.3,60.1,60.5,48.6,2021-05-01
175,2021-05-03T00:22:32.41Z,/sonometros,NoiseLevelObserved,T248682-daily,57.9,59.6,59.9,57.9,49.4,2021-05-02
176,2021-05-04T00:00:55.423Z,/sonometros,NoiseLevelObserved,T248682-daily,60.0,62.0,61.7,57.6,51.0,2021-05-03
177,2021-05-05T00:00:03.88Z,/sonometros,NoiseLevelObserved,T248682-daily,59.0,60.8,60.9,58.0,50.4,2021-05-04
178,2021-05-06T00:00:33.170Z,/sonometros,NoiseLevelObserved,T248682-daily,65.1,67.2,65.7,59.9,50.9,2021-05-05
179,2021-05-07T00:00:07.103Z,/sonometros,NoiseLevelObserved,T248682-daily,59.3,60.8,61.6,60.9,51.0,2021-05-06
180,2021-05-08T00:00:07.835Z,/sonometros,NoiseLevelObserved,T248682-daily,59.8,61.3,62.0,61.1,51.5,2021-05-07
181,2021-05-09T00:00:17.167Z,/sonometros,NoiseLevelObserved,T248682-daily,60.4,62.0,62.3,61.7,50.6,2021-05-08
182,2021-05-10T00:00:14.240Z,/sonometros,NoiseLevelObserved,T248682-daily,59.8,61.5,62.2,58.6,52.8,2021-05-09
183,2021-05-11T00:00:16.957Z,/sonometros,NoiseLevelObserved,T248682-daily,58.7,60.4,61.1,57.3,51.9,2021-05-10
184,2021-05-12T05:51:43.411Z,/sonometros,NoiseLevelObserved,T248682-daily,58.5,60.4,60.8,55.9,51.3,2021-05-11
185,2021-05-13T00:00:20.877Z,/sonometros,NoiseLevelObserved,T248682-daily,58.4,60.2,60.2,57.9,49.3,2021-05-12
186,2021-05-14T00:00:22.859Z,/sonometros,NoiseLevelObserved,T248682-daily,58.5,60.2,61.2,57.6,52.2,2021-05-13
187,2021-05-15T00:00:24.473Z,/sonometros,NoiseLevelObserved,T248682-daily,60.8,62.2,63.9,62.4,54.8,2021-05-14
188,2021-05-16T00:00:27.53Z,/sonometros,NoiseLevelObserved,T248682-daily,59.4,61.1,61.8,58.5,52.4,2021-05-15
189,2021-05-17T00:00:29.684Z,/sonometros,NoiseLevelObserved,T248682-daily,57.1,58.5,60.1,57.7,51.4,2021-05-16
190,2021-05-18T00:00:31.722Z,/sonometros,NoiseLevelObserved,T248682-daily,59.1,61.0,61.2,57.1,51.2,2021-05-17
191,2021-05-19T00:00:34.623Z,/sonometros,NoiseLevelObserved,T248682-daily,59.4,61.0,62.3,58.0,53.7,2021-05-18
192,2021-05-20T00:00:37.522Z,/sonometros,NoiseLevelObserved,T248682-daily,59.7,61.5,61.9,58.4,52.1,2021-05-19
193,2021-05-21T00:00:39.292Z,/sonometros,NoiseLevelObserved,T248682-daily,59.3,60.9,62.0,59.1,52.9,2021-05-20
194,2021-05-22T00:00:41.456Z,/sonometros,NoiseLevelObserved,T248682-daily,60.2,61.7,63.1,60.0,54.4,2021-05-21
195,2021-05-23T00:00:44.988Z,/sonometros,NoiseLevelObserved,T248682-daily,60.1,61.8,62.7,59.0,53.6,2021-05-22
196,2021-05-24T00:00:47.104Z,/sonometros,NoiseLevelObserved,T248682-daily,59.6,61.1,62.9,59.4,54.7,2021-05-23
197,2021-05-25T00:00:49.13Z,/sonometros,NoiseLevelObserved,T248682-daily,60.1,61.8,62.4,57.9,53.1,2021-05-24
198,2021-05-26T00:00:51.71Z,/sonometros,NoiseLevelObserved,T248682-daily,59.6,61.3,61.9,59.5,52.0,2021-05-25
199,2021-05-27T00:00:54.719Z,/sonometros,NoiseLevelObserved,T248682-daily,59.2,61.0,61.4,58.8,51.4,2021-05-26
200,2021-05-28T00:00:57.41Z,/sonometros,NoiseLevelObserved,T248682-daily,59.9,61.7,61.8,58.6,51.3,2021-05-27
201,2021-05-29T00:00:00.105Z,/sonometros,NoiseLevelObserved,T248682-daily,59.7,61.3,62.1,59.9,52.3,2021-05-28
202,2021-05-30T00:00:12.550Z,/sonometros,NoiseLevelObserved,T248682-daily,57.8,59.2,61.2,58.7,52.9,2021-05-29
203,2021-05-31T00:01:05.825Z,/sonometros,NoiseLevelObserved,T248682-daily,57.3,58.3,61.1,59.2,53.1,2021-05-30
204,2021-06-01T00:00:11.190Z,/sonometros,NoiseLevelObserved,T248682-daily,59.1,60.9,61.2,58.3,50.9,2021-05-31
205,2021-06-02T00:00:41.951Z,/sonometros,NoiseLevelObserved,T248682-daily,59.3,61.0,61.3,59.2,50.8,2021-06-01
206,2021-06-03T00:00:13.921Z,/sonometros,NoiseLevelObserved,T248682-daily,58.9,60.6,61.1,58.7,50.9,2021-06-02
207,2021-06-04T00:01:16.691Z,/sonometros,NoiseLevelObserved,T248682-daily,59.3,60.9,61.9,59.4,52.6,2021-06-03
208,2021-06-05T00:00:20.593Z,/sonometros,NoiseLevelObserved,T248682-daily,60.1,61.7,62.6,60.5,53.0,2021-06-04
209,2021-06-06T00:00:29.282Z,/sonometros,NoiseLevelObserved,T248682-daily,61.6,63.4,64.1,59.1,55.2,2021-06-05
210,2021-06-07T00:00:22.595Z,/sonometros,NoiseLevelObserved,T248682-daily,60.8,62.5,63.2,59.6,53.8,2021-06-06
211,2021-06-08T00:00:25.332Z,/sonometros,NoiseLevelObserved,T248682-daily,61.0,63.0,62.5,58.9,50.8,2021-06-07
212,2021-06-09T00:00:28.28Z,/sonometros,NoiseLevelObserved,T248682-daily,59.5,61.3,61.6,58.7,51.3,2021-06-08
213,2021-06-10T00:00:31.272Z,/sonometros,NoiseLevelObserved,T248682-daily,60.1,61.8,62.8,59.4,53.7,2021-06-09
214,2021-06-11T00:00:36.922Z,/sonometros,NoiseLevelObserved,T248682-daily,62.1,64.1,63.5,60.1,51.5,2021-06-10
215,2021-06-12T00:00:37.271Z,/sonometros,NoiseLevelObserved,T248682-daily,63.2,65.2,64.6,60.0,53.1,2021-06-11
216,2021-06-13T00:00:38.227Z,/sonometros,NoiseLevelObserved,T248682-daily,59.1,60.3,63.2,59.0,55.7,2021-06-12
217,2021-06-14T00:00:41.995Z,/sonometros,NoiseLevelObserved,T248682-daily,57.5,58.5,62.0,58.4,54.8,2021-06-13
218,2021-06-15T00:00:43.422Z,/sonometros,NoiseLevelObserved,T248682-daily,58.8,60.5,61.1,58.8,51.1,2021-06-14
219,2021-06-16T00:01:47.136Z,/sonometros,NoiseLevelObserved,T248682-daily,61.6,63.7,62.8,57.5,50.6,2021-06-15
220,2021-06-17T00:00:48.608Z,/sonometros,NoiseLevelObserved,T248682-daily,59.1,60.6,62.2,57.8,54.0,2021-06-16
221,2021-06-18T00:00:52.849Z,/sonometros,NoiseLevelObserved,T248682-daily,59.1,60.8,61.5,58.9,51.9,2021-06-17
222,2021-06-19T00:00:54.188Z,/sonometros,NoiseLevelObserved,T248682-daily,60.6,62.2,63.1,60.5,53.6,2021-06-18
223,2021-06-20T00:00:58.99Z,/sonometros,NoiseLevelObserved,T248682-daily,60.2,61.9,62.9,58.9,54.1,2021-06-19
224,2021-06-21T00:00:02.6Z,/sonometros,NoiseLevelObserved,T248682-daily,59.3,59.5,65.3,58.3,59.1,2021-06-20
225,2021-08-25T00:00:54.518Z,/sonometros,NoiseLevelObserved,T248682-daily,58.3,59.5,62.5,57.9,55.2,2021-08-24
226,2021-08-26T00:00:57.283Z,/sonometros,NoiseLevelObserved,T248682-daily,57.9,58.7,62.9,57.7,56.1,2021-08-25
227,2021-08-27T00:00:07.543Z,/sonometros,NoiseLevelObserved,T248682-daily,57.9,59.4,61.1,57.0,52.9,2021-08-26
228,2021-08-28T00:00:13.33Z,/sonometros,NoiseLevelObserved,T248682-daily,58.0,59.2,62.2,58.0,54.8,2021-08-27
229,2021-08-29T00:00:07.490Z,/sonometros,NoiseLevelObserved,T248682-daily,57.9,59.1,61.6,59.5,53.5,2021-08-28
230,2021-08-30T00:00:09.549Z,/sonometros,NoiseLevelObserved,T248682-daily,57.6,58.3,61.3,61.6,52.4,2021-08-29
231,2021-08-31T00:00:12.52Z,/sonometros,NoiseLevelObserved,T248682-daily,64.5,66.6,65.6,57.9,54.0,2021-08-30
232,2021-09-01T00:00:32.832Z,/sonometros,NoiseLevelObserved,T248682-daily,59.0,60.1,61.9,62.4,51.8,2021-08-31
233,2021-09-02T00:00:43.926Z,/sonometros,NoiseLevelObserved,T248682-daily,65.5,66.9,68.6,65.5,60.2,2021-09-01
234,2021-09-03T00:00:19.613Z,/sonometros,NoiseLevelObserved,T248682-daily,67.4,67.1,71.1,74.4,59.0,2021-09-02
235,2021-09-04T00:00:21.295Z,/sonometros,NoiseLevelObserved,T248682-daily,68.3,67.5,73.8,74.2,66.1,2021-09-03
236,2021-09-05T00:00:24.89Z,/sonometros,NoiseLevelObserved,T248682-daily,74.4,69.5,82.5,79.6,76.5,2021-09-04
237,2021-09-06T00:00:26.782Z,/sonometros,NoiseLevelObserved,T248682-daily,74.1,73.2,79.8,79.5,72.6,2021-09-05
238,2021-09-07T00:00:29.672Z,/sonometros,NoiseLevelObserved,T248682-daily,62.3,61.4,69.8,58.1,64.1,2021-09-06
239,2021-09-08T00:00:32.635Z,/sonometros,NoiseLevelObserved,T248682-daily,62.5,64.6,64.0,57.7,53.0,2021-09-07
240,2021-09-09T00:01:34.746Z,/sonometros,NoiseLevelObserved,T248682-daily,75.3,77.6,75.4,58.5,53.7,2021-09-08
241,2021-09-10T00:00:37.533Z,/sonometros,NoiseLevelObserved,T248682-daily,60.0,61.6,62.5,59.5,53.2,2021-09-09
242,2021-09-11T00:00:40.121Z,/sonometros,NoiseLevelObserved,T248682-daily,60.0,61.6,62.5,59.6,53.3,2021-09-10
243,2021-09-12T00:00:43.202Z,/sonometros,NoiseLevelObserved,T248682-daily,60.2,61.7,63.4,59.7,55.2,2021-09-11
244,2021-09-13T00:00:45.445Z,/sonometros,NoiseLevelObserved,T248682-daily,56.9,57.4,61.9,58.9,54.9,2021-09-12
245,2021-09-14T00:00:48.219Z,/sonometros,NoiseLevelObserved,T248682-daily,59.9,61.8,61.9,58.1,51.6,2021-09-13
246,2021-09-15T00:01:50.873Z,/sonometros,NoiseLevelObserved,T248682-daily,59.7,61.5,61.7,58.3,51.7,2021-09-14
279,2021-09-16T00:00:53.478Z,/sonometros,NoiseLevelObserved,T248682-daily,59.6,61.4,61.6,58.7,51.2,2021-09-15
280,2021-09-17T00:01:56.123Z,/sonometros,NoiseLevelObserved,T248682-daily,60.3,62.1,62.5,59.2,52.6,2021-09-16
281,2021-09-18T00:00:59.101Z,/sonometros,NoiseLevelObserved,T248682-daily,61.4,62.9,64.1,62.9,54.5,2021-09-17
282,2021-09-19T00:00:11.81Z,/sonometros,NoiseLevelObserved,T248682-daily,59.2,60.1,63.7,59.8,56.6,2021-09-18
283,2021-09-20T00:00:05.714Z,/sonometros,NoiseLevelObserved,T248682-daily,59.8,61.2,63.5,57.2,56.0,2021-09-19
284,2021-09-21T00:00:07.927Z,/sonometros,NoiseLevelObserved,T248682-daily,63.8,65.9,64.8,59.8,52.0,2021-09-20
317,2021-09-22T00:00:17.89Z,/sonometros,NoiseLevelObserved,T248682-daily,62.3,64.4,63.4,58.7,50.9,2021-09-21
318,2021-09-23T00:00:12.679Z,/sonometros,NoiseLevelObserved,T248682-daily,65.0,67.1,65.8,58.3,52.7,2021-09-22
319,2021-09-24T00:00:15.313Z,/sonometros,NoiseLevelObserved,T248682-daily,64.0,66.0,65.2,59.4,53.6,2021-09-23
320,2021-09-25T00:00:16.913Z,/sonometros,NoiseLevelObserved,T248682-daily,61.8,63.6,63.7,60.2,53.4,2021-09-24
321,2021-09-26T00:01:18.879Z,/sonometros,NoiseLevelObserved,T248682-daily,61.9,61.7,68.0,64.1,61.6,2021-09-25
322,2021-09-27T00:00:21.944Z,/sonometros,NoiseLevelObserved,T248682-daily,61.2,59.6,69.0,59.9,63.3,2021-09-26
323,2021-09-28T00:00:24.555Z,/sonometros,NoiseLevelObserved,T248682-daily,63.5,65.5,65.2,57.9,55.2,2021-09-27
356,2021-09-29T00:00:27.149Z,/sonometros,NoiseLevelObserved,T248682-daily,63.4,65.6,64.4,58.2,51.5,2021-09-28
357,2021-09-30T00:00:29.898Z,/sonometros,NoiseLevelObserved,T248682-daily,63.1,65.2,64.3,59.3,51.9,2021-09-29
358,2021-10-01T00:00:32.425Z,/sonometros,NoiseLevelObserved,T248682-daily,60.8,62.6,63.1,59.9,53.5,2021-09-30
359,2021-10-02T00:00:35.156Z,/sonometros,NoiseLevelObserved,T248682-daily,60.8,62.0,64.8,61.9,57.0,2021-10-01
360,2021-10-03T00:00:37.602Z,/sonometros,NoiseLevelObserved,T248682-daily,62.8,61.6,70.2,62.5,64.4,2021-10-02
361,2021-10-04T00:00:40.304Z,/sonometros,NoiseLevelObserved,T248682-daily,63.3,59.6,72.1,61.2,66.6,2021-10-03
362,2021-10-05T00:00:42.732Z,/sonometros,NoiseLevelObserved,T248682-daily,59.5,61.2,62.2,57.6,53.5,2021-10-04
363,2021-10-08T07:58:54.939Z,/sonometros,NoiseLevelObserved,T248682-daily,59.0,60.7,61.4,59.3,51.5,2021-10-07
364,2021-10-09T00:00:53.270Z,/sonometros,NoiseLevelObserved,T248682-daily,60.1,61.4,63.4,61.1,54.9,2021-10-08
365,2021-10-10T00:00:55.968Z,/sonometros,NoiseLevelObserved,T248682-daily,60.7,60.0,67.3,62.6,61.1,2021-10-09
366,2021-10-11T00:00:58.95Z,/sonometros,NoiseLevelObserved,T248682-daily,62.3,60.7,69.9,61.8,64.2,2021-10-10
367,2021-10-12T00:01:00.731Z,/sonometros,NoiseLevelObserved,T248682-daily,67.1,62.6,71.7,76.8,55.4,2021-10-11
368,2021-10-13T00:01:03.870Z,/sonometros,NoiseLevelObserved,T248682-daily,59.5,58.6,66.7,59.6,60.8,2021-10-12
369,2021-10-14T00:00:08.40Z,/sonometros,NoiseLevelObserved,T248682-daily,58.9,60.6,61.3,58.0,51.8,2021-10-13
402,2021-10-15T00:00:26.806Z,/sonometros,NoiseLevelObserved,T248682-daily,60.8,62.6,62.8,59.7,52.5,2021-10-14
403,2021-10-16T00:00:13.461Z,/sonometros,NoiseLevelObserved,T248682-daily,61.1,62.1,64.2,64.3,54.8,2021-10-15
404,2021-10-17T00:00:14.401Z,/sonometros,NoiseLevelObserved,T248682-daily,69.4,71.4,71.4,61.0,62.1,2021-10-16
405,2021-10-18T00:00:17.254Z,/sonometros,NoiseLevelObserved,T248682-daily,62.2,59.9,70.4,58.3,64.9,2021-10-17
406,2021-10-19T00:00:20.863Z,/sonometros,NoiseLevelObserved,T248682-daily,63.8,65.9,64.6,58.4,51.4,2021-10-18
407,2021-10-20T00:00:20.965Z,/sonometros,NoiseLevelObserved,T248682-daily,61.0,62.9,62.9,59.0,52.7,2021-10-19
408,2021-10-21T00:00:25.209Z,/sonometros,NoiseLevelObserved,T248682-daily,61.1,63.0,62.9,58.7,52.5,2021-10-20
409,2021-10-22T00:00:25.863Z,/sonometros,NoiseLevelObserved,T248682-daily,60.7,62.4,63.3,60.1,54.0,2021-10-21
410,2021-10-23T00:00:28.243Z,/sonometros,NoiseLevelObserved,T248682-daily,60.9,62.4,63.9,60.7,55.4,2021-10-22
411,2021-10-24T00:00:30.865Z,/sonometros,NoiseLevelObserved,T248682-daily,69.1,71.0,71.4,62.9,62.6,2021-10-23
412,2021-10-25T00:00:33.215Z,/sonometros,NoiseLevelObserved,T248682-daily,62.6,59.7,71.0,59.2,65.5,2021-10-24
413,2021-10-26T00:00:35.899Z,/sonometros,NoiseLevelObserved,T248682-daily,61.1,62.9,63.1,58.7,53.3,2021-10-25
414,2021-10-27T00:00:38.599Z,/sonometros,NoiseLevelObserved,T248682-daily,61.2,63.0,63.1,59.1,52.9,2021-10-26
415,2021-10-28T00:00:40.448Z,/sonometros,NoiseLevelObserved,T248682-daily,61.1,63.0,62.8,58.7,52.3,2021-10-27
448,2021-10-29T00:00:42.922Z,/sonometros,NoiseLevelObserved,T248682-daily,60.7,62.5,62.8,60.0,52.5,2021-10-28
449,2021-10-30T00:00:45.370Z,/sonometros,NoiseLevelObserved,T248682-daily,60.4,61.8,63.4,61.1,54.6,2021-10-29
482,2021-10-31T00:00:48.11Z,/sonometros,NoiseLevelObserved,T248682-daily,69.0,71.0,71.0,60.8,61.7,2021-10-30
483,2021-11-01T02:08:50.935Z,/sonometros,NoiseLevelObserved,T248682-daily,61.6,61.0,68.8,60.0,62.7,2021-10-31
516,2021-11-02T09:10:55.337Z,/sonometros,NoiseLevelObserved,T248682-daily,59.4,57.9,67.2,57.1,61.5,2021-11-01
549,2021-11-03T00:00:55.740Z,/sonometros,NoiseLevelObserved,T248682-daily,60.9,62.9,62.4,58.3,50.9,2021-11-02
582,2021-11-04T00:00:58.6Z,/sonometros,NoiseLevelObserved,T248682-daily,60.2,62.1,61.9,57.8,51.4,2021-11-03
615,2021-11-05T00:00:02.131Z,/sonometros,NoiseLevelObserved,T248682-daily,61.1,63.0,62.7,59.7,51.4,2021-11-04
648,2021-11-06T00:00:03.931Z,/sonometros,NoiseLevelObserved,T248682-daily,59.5,61.1,61.9,59.0,52.5,2021-11-05
649,2021-11-07T00:00:05.856Z,/sonometros,NoiseLevelObserved,T248682-daily,68.1,70.2,69.5,60.2,58.9,2021-11-06
650,2021-11-08T00:00:09.597Z,/sonometros,NoiseLevelObserved,T248682-daily,60.9,58.6,69.2,57.8,63.6,2021-11-07
651,2021-11-09T00:00:12.260Z,/sonometros,NoiseLevelObserved,T248682-daily,59.3,61.2,61.1,58.3,50.1,2021-11-08
652,2021-11-10T00:00:13.471Z,/sonometros,NoiseLevelObserved,T248682-daily,60.0,61.9,61.7,57.4,51.0,2021-11-09
685,2021-11-11T00:01:14.450Z,/sonometros,NoiseLevelObserved,T248682-daily,60.6,62.6,62.2,58.4,51.0,2021-11-10
686,2021-11-12T00:00:21.981Z,/sonometros,NoiseLevelObserved,T248682-daily,59.8,61.6,61.9,58.9,51.9,2021-11-11
687,2021-11-13T00:00:20.194Z,/sonometros,NoiseLevelObserved,T248682-daily,59.8,61.3,62.8,60.3,54.0,2021-11-12
688,2021-11-14T00:00:21.552Z,/sonometros,NoiseLevelObserved,T248682-daily,64.3,65.7,68.5,59.8,61.5,2021-11-13
689,2021-11-15T00:00:23.944Z,/sonometros,NoiseLevelObserved,T248682-daily,61.0,60.0,68.5,58.0,62.8,2021-11-14
690,2021-11-16T00:00:26.286Z,/sonometros,NoiseLevelObserved,T248682-daily,58.6,60.4,60.8,58.1,50.8,2021-11-15
691,2021-11-17T00:00:28.977Z,/sonometros,NoiseLevelObserved,T248682-daily,58.6,60.3,60.7,58.4,50.3,2021-11-16
692,2021-11-18T00:00:31.58Z,/sonometros,NoiseLevelObserved,T248682-daily,61.2,63.1,63.0,58.4,52.6,2021-11-17
693,2021-11-19T00:00:33.266Z,/sonometros,NoiseLevelObserved,T248682-daily,64.2,66.2,65.6,59.2,54.5,2021-11-18
694,2021-11-20T00:00:35.726Z,/sonometros,NoiseLevelObserved,T248682-daily,64.6,66.5,66.3,62.6,55.6,2021-11-19
695,2021-11-21T00:00:38.103Z,/sonometros,NoiseLevelObserved,T248682-daily,61.5,61.3,67.6,63.4,61.2,2021-11-20
696,2021-11-22T00:00:40.323Z,/sonometros,NoiseLevelObserved,T248682-daily,62.9,60.8,70.7,63.8,64.9,2021-11-21
697,2021-11-23T00:00:42.700Z,/sonometros,NoiseLevelObserved,T248682-daily,62.3,63.9,64.5,62.8,54.3,2021-11-22
698,2021-11-24T00:00:45.575Z,/sonometros,NoiseLevelObserved,T248682-daily,63.5,65.5,65.1,58.7,54.7,2021-11-23
731,2021-11-25T00:01:47.137Z,/sonometros,NoiseLevelObserved,T248682-daily,62.9,64.9,64.1,58.7,52.5,2021-11-24
732,2021-11-26T00:00:50.192Z,/sonometros,NoiseLevelObserved,T248682-daily,63.8,65.8,65.0,58.8,53.4,2021-11-25
733,2021-11-27T05:19:11.892Z,/sonometros,NoiseLevelObserved,T248682-daily,61.8,62.9,66.0,62.8,58.4,2021-11-26
734,2021-11-28T00:27:25.591Z,/sonometros,NoiseLevelObserved,T248682-daily,66.5,68.1,69.7,65.6,61.5,2021-11-27
735,2021-11-29T00:00:56.212Z,/sonometros,NoiseLevelObserved,T248682-daily,61.6,60.2,69.4,58.5,63.7,2021-11-28
736,2021-11-30T00:00:58.433Z,/sonometros,NoiseLevelObserved,T248682-daily,61.7,63.8,63.2,57.6,52.1,2021-11-29
737,2021-12-01T00:00:04.264Z,/sonometros,NoiseLevelObserved,T248682-daily,61.4,63.4,62.9,59.7,51.1,2021-11-30
738,2021-12-02T00:00:06.72Z,/sonometros,NoiseLevelObserved,T248682-daily,62.4,64.4,63.9,59.5,52.6,2021-12-01
739,2021-12-03T00:00:06.534Z,/sonometros,NoiseLevelObserved,T248682-daily,63.6,65.7,64.7,58.3,52.8,2021-12-02
740,2021-12-04T02:24:39.444Z,/sonometros,NoiseLevelObserved,T248682-daily,60.6,62.3,63.1,59.6,53.8,2021-12-03
741,2021-12-05T00:00:11.261Z,/sonometros,NoiseLevelObserved,T248682-daily,64.6,66.3,67.7,59.5,59.8,2021-12-04
742,2021-12-06T00:00:14.554Z,/sonometros,NoiseLevelObserved,T248682-daily,61.2,60.2,68.2,62.8,62.2,2021-12-05
743,2021-12-07T00:00:16.345Z,/sonometros,NoiseLevelObserved,T248682-daily,60.0,60.4,65.7,57.7,59.5,2021-12-06
744,2021-12-08T00:00:24.918Z,/sonometros,NoiseLevelObserved,T248682-daily,58.0,59.5,61.1,58.4,52.4,2021-12-07
745,2021-12-09T00:00:20.242Z,/sonometros,NoiseLevelObserved,T248682-daily,59.1,60.1,63.9,57.7,57.1,2021-12-08
746,2021-12-10T00:00:21.927Z,/sonometros,NoiseLevelObserved,T248682-daily,63.5,65.6,64.6,59.2,52.3,2021-12-09
747,2021-12-11T00:00:23.927Z,/sonometros,NoiseLevelObserved,T248682-daily,63.6,64.8,65.9,67.1,53.6,2021-12-10
748,2021-12-12T00:00:27.419Z,/sonometros,NoiseLevelObserved,T248682-daily,61.3,61.5,66.8,63.1,60.1,2021-12-11
749,2021-12-13T00:00:32.291Z,/sonometros,NoiseLevelObserved,T248682-daily,61.6,60.4,69.3,57.8,63.6,2021-12-12
782,2021-12-14T00:00:31.377Z,/sonometros,NoiseLevelObserved,T248682-daily,63.8,65.9,64.9,59.8,52.4,2021-12-13
783,2021-12-15T00:00:33.129Z,/sonometros,NoiseLevelObserved,T248682-daily,62.4,64.5,63.7,58.7,51.6,2021-12-14
784,2021-12-16T00:00:35.419Z,/sonometros,NoiseLevelObserved,T248682-daily,63.6,65.7,65.0,59.0,53.6,2021-12-15
785,2021-12-17T05:29:48.615Z,/sonometros,NoiseLevelObserved,T248682-daily,62.2,63.7,64.6,64.0,54.2,2021-12-16
786,2021-12-18T00:00:40.875Z,/sonometros,NoiseLevelObserved,T248682-daily,61.7,63.3,64.4,60.7,55.5,2021-12-17
787,2021-12-19T00:00:44.481Z,/sonometros,NoiseLevelObserved,T248682-daily,63.7,64.2,68.5,66.3,61.3,2021-12-18
788,2021-12-20T00:00:44.841Z,/sonometros,NoiseLevelObserved,T248682-daily,61.7,61.0,68.7,60.1,62.9,2021-12-19
789,2021-12-21T00:00:46.829Z,/sonometros,NoiseLevelObserved,T248682-daily,63.6,65.7,64.9,57.9,53.7,2021-12-20
790,2021-12-22T03:48:51.634Z,/sonometros,NoiseLevelObserved,T248682-daily,64.3,66.5,65.3,58.1,52.7,2021-12-21
791,2021-12-23T00:00:51.549Z,/sonometros,NoiseLevelObserved,T248682-daily,65.7,67.9,66.6,59.3,53.3,2021-12-22
792,2021-12-24T00:00:53.994Z,/sonometros,NoiseLevelObserved,T248682-daily,62.0,63.9,64.0,59.2,54.2,2021-12-23
793,2021-12-25T00:00:56.166Z,/sonometros,NoiseLevelObserved,T248682-daily,59.6,59.6,66.1,54.0,60.2,2021-12-24
794,2021-12-26T00:00:01.345Z,/sonometros,NoiseLevelObserved,T248682-daily,59.1,59.2,65.2,58.9,59.0,2021-12-25
795,2021-12-27T00:00:02.847Z,/sonometros,NoiseLevelObserved,T248682-daily,59.0,58.7,65.5,59.3,59.4,2021-12-26
796,2021-12-28T00:00:06.616Z,/sonometros,NoiseLevelObserved,T248682-daily,62.9,65.0,64.1,57.5,52.3,2021-12-27
797,2021-12-29T00:00:06.966Z,/sonometros,NoiseLevelObserved,T248682-daily,61.7,63.7,63.6,58.1,53.4,2021-12-28
798,2021-12-30T00:00:31.833Z,/sonometros,NoiseLevelObserved,T248682-daily,67.3,69.6,67.8,58.3,52.4,2021-12-29
799,2022-01-05T19:07:51.916Z,/sonometros,NoiseLevelObserved,T248682-daily,60.5,62.3,62.5,58.9,52.4,2022-01-04
800,2022-01-06T00:00:24.835Z,/sonometros,NoiseLevelObserved,T248682-daily,62.9,64.9,64.5,60.2,53.4,2022-01-05
801,2022-01-07T00:00:28.143Z,/sonometros,NoiseLevelObserved,T248682-daily,57.8,57.6,64.4,57.2,58.3,2022-01-06
802,2022-01-08T00:00:29.312Z,/sonometros,NoiseLevelObserved,T248682-daily,59.7,61.5,62.0,58.6,52.2,2022-01-07
803,2022-01-09T00:00:31.896Z,/sonometros,NoiseLevelObserved,T248682-daily,60.0,60.9,64.7,58.6,57.9,2022-01-08
804,2022-01-10T00:00:34.258Z,/sonometros,NoiseLevelObserved,T248682-daily,58.8,58.8,65.2,56.8,59.1,2022-01-09
805,2022-01-11T00:00:36.482Z,/sonometros,NoiseLevelObserved,T248682-daily,61.1,63.0,62.6,59.5,50.9,2022-01-10
806,2022-01-12T00:00:38.586Z,/sonometros,NoiseLevelObserved,T248682-daily,80.1,82.4,80.1,58.4,51.7,2022-01-11
807,2022-01-13T00:00:40.843Z,/sonometros,NoiseLevelObserved,T248682-daily,76.4,78.7,76.4,57.7,52.7,2022-01-12
808,2022-01-14T00:00:48.616Z,/sonometros,NoiseLevelObserved,T248682-daily,74.1,76.4,74.2,58.5,52.5,2022-01-13
809,2022-01-15T00:00:46.29Z,/sonometros,NoiseLevelObserved,T248682-daily,70.1,72.4,70.4,59.0,53.8,2022-01-14
810,2022-01-16T00:00:50.16Z,/sonometros,NoiseLevelObserved,T248682-daily,60.4,60.9,66.0,60.4,59.5,2022-01-15
811,2022-01-17T00:00:49.826Z,/sonometros,NoiseLevelObserved,T248682-daily,59.0,58.8,65.5,57.6,59.5,2022-01-16
812,2022-01-18T00:00:53.310Z,/sonometros,NoiseLevelObserved,T248682-daily,72.7,75.0,72.8,57.0,51.8,2022-01-17
813,2022-01-19T00:00:54.373Z,/sonometros,NoiseLevelObserved,T248682-daily,63.8,66.0,64.8,58.1,51.8,2022-01-18
814,2022-01-20T00:00:56.449Z,/sonometros,NoiseLevelObserved,T248682-daily,72.7,75.1,73.0,59.0,54.4,2022-01-19
815,2022-01-21T00:00:00.136Z,/sonometros,NoiseLevelObserved,T248682-daily,65.1,67.2,65.9,58.6,52.7,2022-01-20
816,2022-01-22T00:00:03.703Z,/sonometros,NoiseLevelObserved,T248682-daily,73.4,75.7,73.6,60.8,53.7,2022-01-21
817,2022-01-23T00:00:04.478Z,/sonometros,NoiseLevelObserved,T248682-daily,61.6,61.7,67.5,62.5,61.1,2022-01-22
818,2022-01-24T00:00:06.898Z,/sonometros,NoiseLevelObserved,T248682-daily,61.5,60.5,68.8,59.0,63.1,2022-01-23
819,2022-01-25T00:00:08.636Z,/sonometros,NoiseLevelObserved,T248682-daily,65.7,67.9,66.5,59.2,53.1,2022-01-24
820,2022-01-26T00:05:40.886Z,/sonometros,NoiseLevelObserved,T248682-daily,66.7,68.9,67.4,60.0,53.6,2022-01-25
821,2022-01-27T00:00:14.588Z,/sonometros,NoiseLevelObserved,T248682-daily,74.6,77.0,74.8,60.0,53.0,2022-01-26
854,2022-01-28T00:00:17.101Z,/sonometros,NoiseLevelObserved,T248682-daily,64.5,66.6,65.7,59.4,53.9,2022-01-27
855,2022-01-29T00:00:17.118Z,/sonometros,NoiseLevelObserved,T248682-daily,65.5,67.4,67.5,63.3,57.5,2022-01-28
856,2022-01-30T00:01:20.226Z,/sonometros,NoiseLevelObserved,T248682-daily,61.3,61.0,67.3,63.9,60.8,2022-01-29
857,2022-01-31T00:00:22.377Z,/sonometros,NoiseLevelObserved,T248682-daily,60.5,59.5,67.9,57.8,62.2,2022-01-30
858,2022-02-01T00:00:23.580Z,/sonometros,NoiseLevelObserved,T248682-daily,60.5,62.5,62.0,57.1,50.9,2022-01-31
859,2022-02-02T00:00:25.932Z,/sonometros,NoiseLevelObserved,T248682-daily,60.8,62.6,63.1,59.4,53.5,2022-02-01
860,2022-02-03T00:00:28.188Z,/sonometros,NoiseLevelObserved,T248682-daily,59.8,61.5,62.3,58.3,53.1,2022-02-02
861,2022-02-04T00:00:30.742Z,/sonometros,NoiseLevelObserved,T248682-daily,60.2,62.0,62.2,59.1,52.0,2022-02-03
862,2022-02-05T00:00:33.834Z,/sonometros,NoiseLevelObserved,T248682-daily,60.9,61.9,65.6,60.5,58.6,2022-02-04
863,2022-02-06T11:53:41.79Z,/sonometros,NoiseLevelObserved,T248682-daily,60.4,60.2,67.0,60.1,60.9,2022-02-05
864,2022-02-07T00:00:38.473Z,/sonometros,NoiseLevelObserved,T248682-daily,63.3,63.1,69.7,63.4,63.6,2022-02-06
865,2022-02-08T00:00:39.826Z,/sonometros,NoiseLevelObserved,T248682-daily,59.6,61.2,62.5,59.7,53.7,2022-02-07
866,2022-02-09T00:00:42.975Z,/sonometros,NoiseLevelObserved,T248682-daily,60.3,62.2,62.2,58.6,51.6,2022-02-08
867,2022-02-10T00:00:44.344Z,/sonometros,NoiseLevelObserved,T248682-daily,64.5,66.7,65.4,57.8,52.4,2022-02-09
868,2022-02-11T00:00:52.377Z,/sonometros,NoiseLevelObserved,T248682-daily,63.3,65.4,64.4,58.5,52.2,2022-02-10
869,2022-02-12T00:00:49.546Z,/sonometros,NoiseLevelObserved,T248682-daily,64.2,66.2,65.5,59.0,54.5,2022-02-11
870,2022-02-13T00:00:51.337Z,/sonometros,NoiseLevelObserved,T248682-daily,63.4,64.7,67.6,60.1,60.5,2022-02-12
871,2022-02-14T00:00:53.640Z,/sonometros,NoiseLevelObserved,T248682-daily,60.7,59.7,68.1,58.5,62.4,2022-02-13
872,2022-02-15T00:01:57.819Z,/sonometros,NoiseLevelObserved,T248682-daily,63.1,65.2,64.1,56.9,52.0,2022-02-14
873,2022-02-16T00:00:58.371Z,/sonometros,NoiseLevelObserved,T248682-daily,60.6,62.6,62.1,56.7,51.2,2022-02-15
874,2022-02-17T00:00:02.362Z,/sonometros,NoiseLevelObserved,T248682-daily,58.7,60.3,61.7,57.8,53.1,2022-02-16
875,2022-02-18T00:01:04.284Z,/sonometros,NoiseLevelObserved,T248682-daily,59.0,60.7,61.2,58.2,51.3,2022-02-17
876,2022-02-19T00:00:07.965Z,/sonometros,NoiseLevelObserved,T248682-daily,62.7,62.5,68.8,63.8,62.5,2022-02-18
877,2022-02-20T00:00:22.540Z,/sonometros,NoiseLevelObserved,T248682-daily,64.6,65.4,69.8,62.9,63.2,2022-02-19
878,2022-02-21T00:00:11.115Z,/sonometros,NoiseLevelObserved,T248682-daily,61.7,60.4,69.5,58.5,63.8,2022-02-20
879,2022-02-22T00:00:14.549Z,/sonometros,NoiseLevelObserved,T248682-daily,59.7,61.7,61.5,56.2,51.3,2022-02-21
880,2022-02-23T00:00:16.445Z,/sonometros,NoiseLevelObserved,T248682-daily,59.9,61.7,61.5,58.8,50.2,2022-02-22
881,2022-02-24T00:00:26.64Z,/sonometros,NoiseLevelObserved,T248682-daily,61.0,62.5,64.6,58.6,57.0,2022-02-23
882,2022-02-25T00:00:20.311Z,/sonometros,NoiseLevelObserved,T248682-daily,60.6,62.4,62.7,59.2,52.8,2022-02-24
883,2022-02-26T00:00:22.75Z,/sonometros,NoiseLevelObserved,T248682-daily,61.1,62.8,63.8,59.9,54.9,2022-02-25
884,2022-02-27T00:00:25.78Z,/sonometros,NoiseLevelObserved,T248682-daily,64.7,65.3,70.2,64.6,63.6,2022-02-26
885,2022-02-28T00:00:26.595Z,/sonometros,NoiseLevelObserved,T248682-daily,63.2,62.8,70.3,58.0,64.5,2022-02-27
886,2022-03-01T00:25:38.562Z,/sonometros,NoiseLevelObserved,T248682-daily,59.6,61.4,61.8,58.5,51.8,2022-02-28
887,2022-03-02T00:00:31.485Z,/sonometros,NoiseLevelObserved,T248682-daily,61.9,63.9,63.7,58.6,53.2,2022-03-01
888,2022-03-03T00:00:34.455Z,/sonometros,NoiseLevelObserved,T248682-daily,63.5,65.6,64.7,58.2,52.9,2022-03-02
889,2022-03-04T00:00:35.956Z,/sonometros,NoiseLevelObserved,T248682-daily,61.9,63.7,64.3,60.5,55.0,2022-03-03
890,2022-03-05T00:00:48.220Z,/sonometros,NoiseLevelObserved,T248682-daily,61.5,62.8,65.3,60.3,57.8,2022-03-04
891,2022-03-06T00:00:43.463Z,/sonometros,NoiseLevelObserved,T248682-daily,67.7,64.2,74.8,73.9,68.3,2022-03-05
892,2022-03-07T00:00:51.261Z,/sonometros,NoiseLevelObserved,T248682-daily,63.9,61.4,72.2,59.6,66.7,2022-03-06
925,2022-03-08T16:57:39.489Z,/sonometros,NoiseLevelObserved,T248682-daily,61.2,63.2,63.2,54.9,53.7,2022-03-07
926,2022-03-09T00:00:48.841Z,/sonometros,NoiseLevelObserved,T248682-daily,62.6,61.7,66.2,70.4,50.9,2022-03-08
927,2022-03-10T00:00:49.733Z,/sonometros,NoiseLevelObserved,T248682-daily,62.6,64.5,64.3,59.9,53.8,2022-03-09
928,2022-03-11T00:00:53.715Z,/sonometros,NoiseLevelObserved,T248682-daily,61.2,62.8,63.5,61.2,53.6,2022-03-10
929,2022-03-12T00:00:54.732Z,/sonometros,NoiseLevelObserved,T248682-daily,65.9,65.0,70.2,73.2,59.9,2022-03-11
930,2022-03-13T00:00:56.819Z,/sonometros,NoiseLevelObserved,T248682-daily,71.9,68.9,80.0,74.5,74.2,2022-03-12
931,2022-03-14T00:00:00.994Z,/sonometros,NoiseLevelObserved,T248682-daily,73.5,74.8,76.9,74.3,68.6,2022-03-13
932,2022-03-15T00:00:05.431Z,/sonometros,NoiseLevelObserved,T248682-daily,67.9,67.9,73.6,70.4,66.9,2022-03-14
933,2022-03-16T00:00:05.134Z,/sonometros,NoiseLevelObserved,T248682-daily,70.1,69.7,76.2,73.4,69.6,2022-03-15
934,2022-03-17T00:00:08.357Z,/sonometros,NoiseLevelObserved,T248682-daily,73.7,72.0,81.2,75.4,75.3,2022-03-16
935,2022-03-18T00:00:08.596Z,/sonometros,NoiseLevelObserved,T248682-daily,73.5,70.8,80.6,79.1,74.1,2022-03-17
936,2022-03-19T00:00:15.845Z,/sonometros,NoiseLevelObserved,T248682-daily,76.3,76.1,81.3,81.3,73.6,2022-03-18
937,2022-03-20T05:42:18.358Z,/sonometros,NoiseLevelObserved,T248682-daily,80.6,81.6,84.9,81.1,77.6,2022-03-19
938,2022-03-21T00:00:16.523Z,/sonometros,NoiseLevelObserved,T248682-daily,73.3,68.6,82.4,57.8,77.1,2022-03-20
939,2022-03-22T00:00:18.759Z,/sonometros,NoiseLevelObserved,T248682-daily,61.8,63.5,64.1,61.0,54.4,2022-03-21
940,2022-03-23T00:00:22.643Z,/sonometros,NoiseLevelObserved,T248682-daily,60.6,61.8,65.0,58.1,58.0,2022-03-22
941,2022-03-24T00:00:22.283Z,/sonometros,NoiseLevelObserved,T248682-daily,60.4,62.0,63.0,60.3,53.8,2022-03-23
942,2022-03-25T00:00:24.429Z,/sonometros,NoiseLevelObserved,T248682-daily,62.7,64.5,65.4,59.8,56.7,2022-03-24
943,2022-03-26T00:00:26.906Z,/sonometros,NoiseLevelObserved,T248682-daily,62.4,64.1,65.0,61.4,55.8,2022-03-25
944,2022-03-27T00:00:31.982Z,/sonometros,NoiseLevelObserved,T248682-daily,63.0,62.6,69.0,66.2,62.4,2022-03-26
945,2022-03-28T00:38:37.491Z,/sonometros,NoiseLevelObserved,T248682-daily,63.1,61.9,70.7,58.0,65.4,2022-03-27
946,2022-03-29T00:01:34.558Z,/sonometros,NoiseLevelObserved,T248682-daily,60.0,61.8,62.3,58.4,52.8,2022-03-28
947,2022-03-30T00:00:38.624Z,/sonometros,NoiseLevelObserved,T248682-daily,60.8,62.7,62.5,58.1,52.1,2022-03-29
948,2022-03-31T00:00:44.470Z,/sonometros,NoiseLevelObserved,T248682-daily,61.3,63.2,63.4,59.2,53.4,2022-03-30
949,2022-04-01T00:00:54.754Z,/sonometros,NoiseLevelObserved,T248682-daily,60.3,62.0,63.2,56.8,55.0,2022-03-31
950,2022-04-02T00:00:48.791Z,/sonometros,NoiseLevelObserved,T248682-daily,60.5,62.3,62.8,58.4,53.5,2022-04-01
951,2022-04-03T00:00:46.783Z,/sonometros,NoiseLevelObserved,T248682-daily,61.4,59.8,69.0,61.6,63.2,2022-04-02
952,2022-04-04T00:00:48.643Z,/sonometros,NoiseLevelObserved,T248682-daily,62.3,58.4,71.1,57.7,65.7,2022-04-03
953,2022-04-05T00:00:50.260Z,/sonometros,NoiseLevelObserved,T248682-daily,60.1,61.9,62.4,57.2,53.3,2022-04-04
954,2022-04-06T00:00:59.308Z,/sonometros,NoiseLevelObserved,T248682-daily,60.3,62.2,62.1,57.7,51.7,2022-04-05
955,2022-04-07T00:00:55.518Z,/sonometros,NoiseLevelObserved,T248682-daily,62.6,64.7,64.3,58.0,53.8,2022-04-06
956,2022-04-08T00:00:59.774Z,/sonometros,NoiseLevelObserved,T248682-daily,59.5,61.3,61.7,57.7,52.0,2022-04-07
957,2022-04-09T00:00:59.549Z,/sonometros,NoiseLevelObserved,T248682-daily,59.2,60.5,62.2,61.1,53.0,2022-04-08
958,2022-04-10T00:00:03.774Z,/sonometros,NoiseLevelObserved,T248682-daily,62.0,61.9,68.0,64.3,61.5,2022-04-09
959,2022-04-11T00:00:08.449Z,/sonometros,NoiseLevelObserved,T248682-daily,62.4,59.4,70.8,61.5,65.2,2022-04-10
960,2022-04-12T00:00:08.549Z,/sonometros,NoiseLevelObserved,T248682-daily,60.1,61.8,62.5,58.2,53.3,2022-04-11
961,2022-04-13T00:00:41.476Z,/sonometros,NoiseLevelObserved,T248682-daily,61.8,63.9,63.0,55.6,51.6,2022-04-12
962,2022-04-14T02:19:50.308Z,/sonometros,NoiseLevelObserved,T248682-daily,63.2,65.1,64.6,61.0,52.8,2022-04-13
963,2022-04-15T00:00:15.711Z,/sonometros,NoiseLevelObserved,T248682-daily,59.4,59.7,65.2,58.6,58.9,2022-04-14
964,2022-04-16T00:00:18.284Z,/sonometros,NoiseLevelObserved,T248682-daily,58.9,58.0,66.0,59.0,60.1,2022-04-15
965,2022-04-17T00:00:20.843Z,/sonometros,NoiseLevelObserved,T248682-daily,58.9,58.4,65.7,59.8,59.6,2022-04-16
966,2022-04-18T00:00:21.506Z,/sonometros,NoiseLevelObserved,T248682-daily,61.0,59.1,68.0,65.7,61.7,2022-04-17
967,2022-04-19T00:00:23.976Z,/sonometros,NoiseLevelObserved,T248682-daily,62.6,62.1,69.4,62.3,63.4,2022-04-18
968,2022-04-20T00:00:28.683Z,/sonometros,NoiseLevelObserved,T248682-daily,63.7,65.8,65.2,59.0,54.1,2022-04-19
969,2022-04-21T00:00:29.34Z,/sonometros,NoiseLevelObserved,T248682-daily,66.4,68.5,67.8,60.2,56.8,2022-04-20
