﻿_id,recvTime,fiwareServicePath,entityType,entityId,LAeq,LAeq_d,LAeq_den,LAeq_e,LAeq_n,dateObserved
1,2020-11-18T13:40:52.283Z,/sonometros,NoiseLevelObserved,T248684-daily,59.5,61.1,61.8,60.5,51.6,2020-11-17
2,2020-11-19T00:00:14.992Z,/sonometros,NoiseLevelObserved,T248684-daily,60.1,61.7,62.6,61.4,52.5,2020-11-18
3,2020-11-20T00:00:40.254Z,/sonometros,NoiseLevelObserved,T248684-daily,60.9,61.8,64.3,64.8,54.7,2020-11-19
4,2020-11-21T00:00:42.834Z,/sonometros,NoiseLevelObserved,T248684-daily,62.9,63.3,66.5,67.9,56.8,2020-11-20
5,2020-11-22T00:00:45.220Z,/sonometros,NoiseLevelObserved,T248684-daily,65.1,65.8,68.7,69.5,59.3,2020-11-21
6,2020-11-23T00:00:47.944Z,/sonometros,NoiseLevelObserved,T248684-daily,59.1,60.2,61.8,62.6,51.1,2020-11-22
7,2020-11-24T00:00:50.348Z,/sonometros,NoiseLevelObserved,T248684-daily,60.8,62.2,63.1,62.8,52.2,2020-11-23
8,2020-11-25T00:01:52.128Z,/sonometros,NoiseLevelObserved,T248684-daily,60.0,61.5,62.6,61.9,52.6,2020-11-24
9,2020-11-26T00:00:54.375Z,/sonometros,NoiseLevelObserved,T248684-daily,60.1,61.3,63.0,62.6,53.5,2020-11-25
10,2020-09-18 12:40:17.154,/sonometros,NoiseLevelObserved,T248684-daily,62.3,62.7,66.4,66.8,57.8,2020-09-17
11,2020-09-19 00:00:25.94,/sonometros,NoiseLevelObserved,T248684-daily,62.2,62.9,66.5,65.4,58.7,2020-09-18
12,2020-09-20 00:00:28.50,/sonometros,NoiseLevelObserved,T248684-daily,64.1,63.8,69.4,68.9,62,2020-09-19
13,2020-09-21 00:00:30.129,/sonometros,NoiseLevelObserved,T248684-daily,58.9,57.6,66.5,57.3,60.8,2020-09-20
14,2020-09-22 00:00:33.112,/sonometros,NoiseLevelObserved,T248684-daily,60.8,62.1,63.3,63.3,52.9,2020-09-21
15,2020-09-23 00:00:35.308,/sonometros,NoiseLevelObserved,T248684-daily,59.9,61,62.8,63.4,52.5,2020-09-22
16,2020-09-24 00:00:37.336,/sonometros,NoiseLevelObserved,T248684-daily,61.6,61.9,66,66,57.8,2020-09-23
17,2020-09-25 00:00:40.813,/sonometros,NoiseLevelObserved,T248684-daily,61.2,61.6,65.8,65.1,58,2020-09-24
18,2020-09-26 00:00:42.660,/sonometros,NoiseLevelObserved,T248684-daily,62.7,61.6,68.3,68.7,60.7,2020-09-25
19,2020-09-27 00:45:10.430,/sonometros,NoiseLevelObserved,T248684-daily,64.3,63.4,70.2,69.1,63.3,2020-09-26
20,2020-09-28 00:00:47.934,/sonometros,NoiseLevelObserved,T248684-daily,60.9,59.2,68.8,57.6,63.2,2020-09-27
21,2020-09-29 00:00:50.507,/sonometros,NoiseLevelObserved,T248684-daily,59.8,61,62.9,62.6,53.4,2020-09-28
22,2020-09-30 00:00:53.277,/sonometros,NoiseLevelObserved,T248684-daily,59.6,60.9,62.7,61.9,53.5,2020-09-29
23,2020-10-01 00:00:55.247,/sonometros,NoiseLevelObserved,T248684-daily,61,60.9,65.6,66.6,57.2,2020-09-30
24,2020-10-02 00:00:58.226,/sonometros,NoiseLevelObserved,T248684-daily,59.9,60.7,64,63,55.9,2020-10-01
25,2020-10-03 00:00:02.835,/sonometros,NoiseLevelObserved,T248684-daily,62.4,62.4,66.8,67.7,58.3,2020-10-02
26,2020-10-04 00:00:04.553,/sonometros,NoiseLevelObserved,T248684-daily,63.8,63.9,69.1,67.3,62,2020-10-03
27,2020-10-05 00:00:08.209,/sonometros,NoiseLevelObserved,T248684-daily,60.1,59.6,67,57.8,61.1,2020-10-04
28,2020-10-06 00:00:09.73,/sonometros,NoiseLevelObserved,T248684-daily,59.6,61,62.2,61,52.5,2020-10-05
29,2020-10-07 00:00:11.718,/sonometros,NoiseLevelObserved,T248684-daily,60.4,61.5,63.8,63.3,54.8,2020-10-06
30,2020-10-08 00:00:15.83,/sonometros,NoiseLevelObserved,T248684-daily,60.8,61.7,64.5,64.3,55.7,2020-10-07
31,2020-10-09 00:00:15.942,/sonometros,NoiseLevelObserved,T248684-daily,63.7,63.1,69.2,68.8,61.8,2020-10-08
32,2020-10-10 00:00:18.826,/sonometros,NoiseLevelObserved,T248684-daily,63.2,62.1,69.2,68.6,62.2,2020-10-09
33,2020-10-11 00:00:21.820,/sonometros,NoiseLevelObserved,T248684-daily,62.7,60.5,69.6,68.2,63,2020-10-10
34,2020-10-12 00:00:23.53,/sonometros,NoiseLevelObserved,T248684-daily,60.2,58.1,68.3,58.4,62.7,2020-10-11
35,2020-10-13 00:00:25.44,/sonometros,NoiseLevelObserved,T248684-daily,59.8,60.1,63.7,65.1,54.3,2020-10-12
36,2020-10-14 00:00:28.108,/sonometros,NoiseLevelObserved,T248684-daily,60.1,61,63.3,64,53.4,2020-10-13
37,2020-10-15 00:00:30.384,/sonometros,NoiseLevelObserved,T248684-daily,59.6,61.2,62,59.8,52.4,2020-10-14
38,2020-10-16 00:00:45.332,/sonometros,NoiseLevelObserved,T248684-daily,60.5,61.8,63.2,63.1,53,2020-10-15
39,2020-10-17 00:00:46.911,/sonometros,NoiseLevelObserved,T248684-daily,62,62.3,66.8,65.9,59.2,2020-10-16
40,2020-10-18 00:00:50.430,/sonometros,NoiseLevelObserved,T248684-daily,65.2,64.1,71.1,70.7,63.9,2020-10-17
41,2020-10-19 00:00:51.663,/sonometros,NoiseLevelObserved,T248684-daily,60.9,59.7,68.5,58.9,62.8,2020-10-18
42,2020-10-20 00:00:55.705,/sonometros,NoiseLevelObserved,T248684-daily,60,61.7,62.3,60.7,51.9,2020-10-19
43,2020-10-21 00:00:57.241,/sonometros,NoiseLevelObserved,T248684-daily,61.1,62,64.5,65.1,55,2020-10-20
44,2020-10-22 00:00:00.484,/sonometros,NoiseLevelObserved,T248684-daily,61.6,63,64.3,63.5,54.6,2020-10-21
45,2020-10-23 00:00:02.948,/sonometros,NoiseLevelObserved,T248684-daily,61.1,62.1,64.6,64.1,55.8,2020-10-22
46,2020-10-24 00:00:07.119,/sonometros,NoiseLevelObserved,T248684-daily,62,62.7,66.1,65.2,58.1,2020-10-23
47,2020-10-25 00:00:23.271,/sonometros,NoiseLevelObserved,T248684-daily,65.3,65.8,69.4,69.7,60.9,2020-10-24
48,2020-10-26 00:00:11.714,/sonometros,NoiseLevelObserved,T248684-daily,58.8,60.1,63.3,57.6,56,2020-10-25
49,2020-10-27 00:00:12.626,/sonometros,NoiseLevelObserved,T248684-daily,59,60.6,61.2,60,50.8,2020-10-26
50,2020-10-28 00:01:15.9,/sonometros,NoiseLevelObserved,T248684-daily,59.6,61.1,62.1,60.9,52.1,2020-10-27
51,2020-10-29 00:00:17.181,/sonometros,NoiseLevelObserved,T248684-daily,62.2,63.3,66,63.6,58,2020-10-28
52,2020-10-30 00:00:19.331,/sonometros,NoiseLevelObserved,T248684-daily,60.9,62.4,63.3,62.5,53,2020-10-29
53,2020-10-31 00:01:22.79,/sonometros,NoiseLevelObserved,T248684-daily,63.5,63.6,67.5,68.9,58.2,2020-10-30
54,2020-11-01 00:00:23.271,/sonometros,NoiseLevelObserved,T248684-daily,64.7,65.4,68.2,69.2,58.6,2020-10-31
55,2020-11-02 00:00:24.997,/sonometros,NoiseLevelObserved,T248684-daily,59,60.2,63,57.8,55.7,2020-11-01
56,2020-11-03 00:00:27.589,/sonometros,NoiseLevelObserved,T248684-daily,60.6,62.4,62.6,59.5,52.3,2020-11-02
57,2020-11-04 00:00:31.307,/sonometros,NoiseLevelObserved,T248684-daily,61.2,63,63,60.5,52,2020-11-03
58,2020-11-05 00:00:32.955,/sonometros,NoiseLevelObserved,T248684-daily,61.2,62.9,63.6,61,53.9,2020-11-04
59,2020-11-06 00:00:35.826,/sonometros,NoiseLevelObserved,T248684-daily,62.6,64.2,65.9,60,57.9,2020-11-05
60,2020-11-07 00:00:37.140,/sonometros,NoiseLevelObserved,T248684-daily,63.8,64.3,67.8,68.5,58.8,2020-11-06
61,2020-11-08 00:00:40.537,/sonometros,NoiseLevelObserved,T248684-daily,66.2,67.2,69.1,70.2,58.5,2020-11-07
62,2020-11-09 00:00:42.123,/sonometros,NoiseLevelObserved,T248684-daily,58.4,59.7,60.9,60.9,50.4,2020-11-08
63,2020-11-10 00:00:44.481,/sonometros,NoiseLevelObserved,T248684-daily,60.2,61.9,62.4,60.9,51.7,2020-11-09
64,2020-11-11 00:00:46.498,/sonometros,NoiseLevelObserved,T248684-daily,60.1,61.8,62.2,60.2,51.8,2020-11-10
65,2020-11-12 00:00:49.667,/sonometros,NoiseLevelObserved,T248684-daily,60.1,61.6,62.5,62.3,51.6,2020-11-11
66,2020-11-13 00:00:51.540,/sonometros,NoiseLevelObserved,T248684-daily,60.4,62,62.9,61.7,52.7,2020-11-12
67,2020-11-14 00:00:56.23,/sonometros,NoiseLevelObserved,T248684-daily,61.9,62.4,65.5,66.6,55.9,2020-11-13
68,2020-11-15 00:00:56.330,/sonometros,NoiseLevelObserved,T248684-daily,65,66.2,67.5,68.8,55.6,2020-11-14
69,2020-11-16 00:00:00.510,/sonometros,NoiseLevelObserved,T248684-daily,58.3,59.5,61.8,59.8,53.5,2020-11-15
70,2020-11-17 00:00:02.895,/sonometros,NoiseLevelObserved,T248684-daily,60.6,62.4,62.5,59.9,51.7,2020-11-16
71,2020-11-27T00:00:56.737Z,/sonometros,NoiseLevelObserved,T248684-daily,60.2,61.9,62.6,59.8,52.9,2020-11-26
72,2020-11-28T00:00:01.990Z,/sonometros,NoiseLevelObserved,T248684-daily,65.6,67.7,67.0,61.8,55.4,2020-11-27
73,2020-11-29T00:00:02.809Z,/sonometros,NoiseLevelObserved,T248684-daily,65.3,65.7,68.8,70.8,58.4,2020-11-28
74,2020-11-30T00:00:05.545Z,/sonometros,NoiseLevelObserved,T248684-daily,57.7,59.1,60.3,59.6,50.3,2020-11-29
75,2020-12-01T00:00:08.172Z,/sonometros,NoiseLevelObserved,T248684-daily,60.5,62.1,62.7,60.9,52.6,2020-11-30
76,2020-12-02T00:00:10.636Z,/sonometros,NoiseLevelObserved,T248684-daily,59.6,61.3,61.9,59.6,52.0,2020-12-01
77,2020-12-03T00:00:13.876Z,/sonometros,NoiseLevelObserved,T248684-daily,59.2,60.6,61.6,61.4,51.0,2020-12-02
78,2020-12-04T00:00:13.771Z,/sonometros,NoiseLevelObserved,T248684-daily,60.6,62.0,63.3,62.1,53.8,2020-12-03
79,2020-12-05T00:00:17.553Z,/sonometros,NoiseLevelObserved,T248684-daily,61.3,62.6,63.9,63.6,53.7,2020-12-04
80,2020-12-06T00:00:17.995Z,/sonometros,NoiseLevelObserved,T248684-daily,62.3,62.8,66.0,67.0,56.6,2020-12-05
81,2020-12-07T00:00:20.77Z,/sonometros,NoiseLevelObserved,T248684-daily,58.5,59.9,61.6,58.9,53.0,2020-12-06
82,2020-12-08T00:00:23.131Z,/sonometros,NoiseLevelObserved,T248684-daily,62.0,63.2,65.1,64.8,55.7,2020-12-07
83,2020-12-09T00:00:24.648Z,/sonometros,NoiseLevelObserved,T248684-daily,58.4,60.0,60.7,60.0,49.8,2020-12-08
84,2020-12-10T00:00:26.593Z,/sonometros,NoiseLevelObserved,T248684-daily,59.5,60.7,62.3,62.2,52.5,2020-12-09
85,2020-12-11T00:00:28.401Z,/sonometros,NoiseLevelObserved,T248684-daily,60.5,61.7,63.5,63.4,53.7,2020-12-10
86,2020-12-12T00:00:33.26Z,/sonometros,NoiseLevelObserved,T248684-daily,63.1,63.0,67.3,69.0,58.0,2020-12-11
87,2020-12-13T00:00:36.305Z,/sonometros,NoiseLevelObserved,T248684-daily,62.6,63.5,66.0,66.3,56.7,2020-12-12
88,2020-12-14T00:00:38.590Z,/sonometros,NoiseLevelObserved,T248684-daily,58.6,59.9,61.7,59.7,53.1,2020-12-13
89,2020-12-15T00:00:41.37Z,/sonometros,NoiseLevelObserved,T248684-daily,60.8,62.1,63.4,63.3,53.1,2020-12-14
90,2020-12-16T00:00:42.569Z,/sonometros,NoiseLevelObserved,T248684-daily,59.7,60.9,62.5,62.2,52.8,2020-12-15
91,2020-12-17T00:00:45.189Z,/sonometros,NoiseLevelObserved,T248684-daily,61.7,62.2,65.0,67.2,53.7,2020-12-16
92,2020-12-18T00:00:46.893Z,/sonometros,NoiseLevelObserved,T248684-daily,60.6,61.8,63.2,63.9,52.1,2020-12-17
93,2020-12-19T00:00:48.825Z,/sonometros,NoiseLevelObserved,T248684-daily,62.5,63.5,65.8,66.1,56.2,2020-12-18
94,2020-12-20T00:00:52.231Z,/sonometros,NoiseLevelObserved,T248684-daily,64.7,66.0,67.5,67.8,57.0,2020-12-19
95,2020-12-21T00:00:54.693Z,/sonometros,NoiseLevelObserved,T248684-daily,57.6,59.2,59.9,58.1,49.9,2020-12-20
96,2020-12-22T00:00:56.536Z,/sonometros,NoiseLevelObserved,T248684-daily,62.7,64.5,64.0,63.2,50.1,2020-12-21
97,2020-12-23T00:00:00.130Z,/sonometros,NoiseLevelObserved,T248684-daily,61.3,62.7,63.4,64.7,50.0,2020-12-22
98,2020-12-24T00:00:18.48Z,/sonometros,NoiseLevelObserved,T248684-daily,63.0,64.4,65.0,66.1,51.8,2020-12-23
99,2020-12-25T00:00:05.954Z,/sonometros,NoiseLevelObserved,T248684-daily,60.7,62.6,63.5,52.6,55.2,2020-12-24
100,2020-12-26T00:00:13.804Z,/sonometros,NoiseLevelObserved,T248684-daily,55.3,56.7,58.5,56.8,49.7,2020-12-25
101,2020-12-27T00:00:09.272Z,/sonometros,NoiseLevelObserved,T248684-daily,64.6,66.3,66.0,66.6,50.0,2020-12-26
102,2020-12-28T00:00:10.624Z,/sonometros,NoiseLevelObserved,T248684-daily,57.7,59.5,59.1,58.6,45.1,2020-12-27
103,2020-12-29T00:00:45.366Z,/sonometros,NoiseLevelObserved,T248684-daily,60.3,62.1,62.5,62.1,50.8,2020-12-28
104,2020-12-30T00:00:46.913Z,/sonometros,NoiseLevelObserved,T248684-daily,59.6,61.3,61.5,60.0,50.3,2020-12-29
105,2020-12-31T00:00:48.775Z,/sonometros,NoiseLevelObserved,T248684-daily,60.2,61.8,62.0,61.7,49.6,2020-12-30
106,2021-01-01T00:00:50.250Z,/sonometros,NoiseLevelObserved,T248684-daily,61.6,63.4,63.8,61.0,53.8,2020-12-31
107,2021-01-02T00:00:53.32Z,/sonometros,NoiseLevelObserved,T248684-daily,58.7,60.1,62.0,58.8,53.8,2021-01-01
108,2021-01-03T00:00:55.392Z,/sonometros,NoiseLevelObserved,T248684-daily,58.9,60.3,61.4,60.8,51.2,2021-01-02
109,2021-01-04T00:00:58.173Z,/sonometros,NoiseLevelObserved,T248684-daily,55.9,57.3,58.2,58.6,46.7,2021-01-03
110,2021-01-05T00:00:15.533Z,/sonometros,NoiseLevelObserved,T248684-daily,60.7,62.5,62.2,61.2,49.4,2021-01-04
111,2021-01-06T00:00:03.420Z,/sonometros,NoiseLevelObserved,T248684-daily,59.8,61.1,62.8,61.4,53.7,2021-01-05
112,2021-01-07T00:00:03.390Z,/sonometros,NoiseLevelObserved,T248684-daily,58.7,58.5,62.4,65.5,50.7,2021-01-06
113,2021-01-08T00:00:19.212Z,/sonometros,NoiseLevelObserved,T248684-daily,59.3,61.0,61.8,58.0,52.7,2021-01-07
114,2021-01-09T00:00:08.361Z,/sonometros,NoiseLevelObserved,T248684-daily,60.3,62.0,62.1,60.4,50.9,2021-01-08
115,2021-01-10T00:00:12.623Z,/sonometros,NoiseLevelObserved,T248684-daily,58.8,60.6,60.9,58.1,50.8,2021-01-09
116,2021-01-11T00:00:14.577Z,/sonometros,NoiseLevelObserved,T248684-daily,57.0,58.8,58.3,57.3,44.3,2021-01-10
117,2021-01-12T00:00:16.214Z,/sonometros,NoiseLevelObserved,T248684-daily,61.7,63.8,62.8,57.7,50.2,2021-01-11
118,2021-01-13T00:00:17.499Z,/sonometros,NoiseLevelObserved,T248684-daily,60.9,63.0,61.8,56.6,48.3,2021-01-12
119,2021-01-14T00:00:19.364Z,/sonometros,NoiseLevelObserved,T248684-daily,61.8,63.6,64.3,57.7,55.6,2021-01-13
120,2021-01-15T00:00:21.954Z,/sonometros,NoiseLevelObserved,T248684-daily,60.6,62.7,61.8,57.0,49.7,2021-01-14
121,2021-01-16T00:00:22.930Z,/sonometros,NoiseLevelObserved,T248684-daily,61.0,63.1,62.2,59.0,49.1,2021-01-15
122,2021-01-17T00:00:23.776Z,/sonometros,NoiseLevelObserved,T248684-daily,58.2,60.0,60.1,56.9,49.8,2021-01-16
123,2021-01-18T00:00:26.586Z,/sonometros,NoiseLevelObserved,T248684-daily,58.0,59.9,59.2,58.0,44.2,2021-01-17
124,2021-01-19T00:00:28.296Z,/sonometros,NoiseLevelObserved,T248684-daily,58.8,60.7,60.2,57.6,48.2,2021-01-18
125,2021-01-20T00:00:30.958Z,/sonometros,NoiseLevelObserved,T248684-daily,58.4,60.3,59.8,57.7,47.3,2021-01-19
126,2021-01-21T00:00:32.820Z,/sonometros,NoiseLevelObserved,T248684-daily,59.8,61.8,61.0,58.1,47.9,2021-01-20
127,2021-01-22T00:00:35.633Z,/sonometros,NoiseLevelObserved,T248684-daily,57.7,59.4,59.6,58.5,48.1,2021-01-21
128,2021-01-23T00:00:37.425Z,/sonometros,NoiseLevelObserved,T248684-daily,56.0,57.7,58.0,57.8,45.7,2021-01-22
129,2021-01-24T00:00:40.466Z,/sonometros,NoiseLevelObserved,T248684-daily,56.3,58.0,58.6,57.1,48.2,2021-01-23
130,2021-01-25T00:00:41.701Z,/sonometros,NoiseLevelObserved,T248684-daily,54.3,55.4,58.2,55.7,50.3,2021-01-24
131,2021-01-26T00:00:44.16Z,/sonometros,NoiseLevelObserved,T248684-daily,57.9,59.8,59.6,56.3,48.5,2021-01-25
132,2021-01-27T00:01:46.210Z,/sonometros,NoiseLevelObserved,T248684-daily,57.9,59.7,59.8,55.8,49.8,2021-01-26
133,2021-01-28T00:00:48.659Z,/sonometros,NoiseLevelObserved,T248684-daily,58.0,59.8,59.7,58.1,47.8,2021-01-27
134,2021-01-29T00:00:52.400Z,/sonometros,NoiseLevelObserved,T248684-daily,57.3,59.1,59.0,57.1,47.3,2021-01-28
135,2021-01-30T00:00:53.995Z,/sonometros,NoiseLevelObserved,T248684-daily,57.2,59.0,59.0,57.1,47.5,2021-01-29
136,2021-01-31T00:00:57.689Z,/sonometros,NoiseLevelObserved,T248684-daily,55.9,57.7,57.6,56.5,45.5,2021-01-30
137,2021-02-01T00:00:58.86Z,/sonometros,NoiseLevelObserved,T248684-daily,54.4,56.1,56.2,55.5,43.9,2021-01-31
138,2021-02-02T00:00:03.989Z,/sonometros,NoiseLevelObserved,T248684-daily,57.7,59.5,59.7,55.9,49.6,2021-02-01
139,2021-02-03T00:00:12.735Z,/sonometros,NoiseLevelObserved,T248684-daily,57.1,58.9,59.0,57.1,47.9,2021-02-02
140,2021-02-04T00:00:07.0Z,/sonometros,NoiseLevelObserved,T248684-daily,58.2,60.0,59.6,58.3,46.7,2021-02-03
141,2021-02-05T00:00:09.805Z,/sonometros,NoiseLevelObserved,T248684-daily,57.5,59.3,59.3,57.8,47.9,2021-02-04
142,2021-02-06T00:00:13.193Z,/sonometros,NoiseLevelObserved,T248684-daily,58.2,59.8,60.3,58.8,49.7,2021-02-05
143,2021-02-07T00:00:12.13Z,/sonometros,NoiseLevelObserved,T248684-daily,56.9,58.7,58.5,57.1,46.2,2021-02-06
144,2021-02-08T00:00:16.781Z,/sonometros,NoiseLevelObserved,T248684-daily,54.1,55.6,56.5,55.5,46.3,2021-02-07
145,2021-02-09T00:00:17.854Z,/sonometros,NoiseLevelObserved,T248684-daily,58.5,60.4,59.9,55.9,48.5,2021-02-08
146,2021-02-10T00:00:23.777Z,/sonometros,NoiseLevelObserved,T248684-daily,57.0,58.9,58.9,56.1,48.0,2021-02-09
147,2021-02-11T00:00:21.485Z,/sonometros,NoiseLevelObserved,T248684-daily,58.0,59.8,59.7,58.0,48.2,2021-02-10
148,2021-02-12T00:00:23.720Z,/sonometros,NoiseLevelObserved,T248684-daily,58.2,60.1,59.8,57.5,47.8,2021-02-11
149,2021-02-13T00:00:26.238Z,/sonometros,NoiseLevelObserved,T248684-daily,57.8,59.6,59.8,58.0,48.7,2021-02-12
150,2021-02-14T00:00:28.887Z,/sonometros,NoiseLevelObserved,T248684-daily,56.4,57.7,58.9,59.3,47.8,2021-02-13
151,2021-02-15T00:00:30.488Z,/sonometros,NoiseLevelObserved,T248684-daily,55.7,56.9,59.1,57.6,50.5,2021-02-14
152,2021-02-16T00:00:32.678Z,/sonometros,NoiseLevelObserved,T248684-daily,60.7,62.7,62.3,56.8,51.5,2021-02-15
153,2021-02-17T00:00:35.93Z,/sonometros,NoiseLevelObserved,T248684-daily,57.9,59.7,59.8,57.7,48.8,2021-02-16
154,2021-03-13T00:00:11.488Z,/sonometros,NoiseLevelObserved,T248684-daily,61.0,62.1,62.5,59.0,51.5,2021-03-12
155,2021-03-14T00:00:17.308Z,/sonometros,NoiseLevelObserved,T248684-daily,64.0,66.2,64.4,57.9,46.5,2021-03-13
156,2021-03-15T00:00:14.406Z,/sonometros,NoiseLevelObserved,T248684-daily,58.6,60.6,59.4,57.1,43.5,2021-03-14
157,2021-03-16T00:00:15.115Z,/sonometros,NoiseLevelObserved,T248684-daily,61.5,63.7,62.3,57.3,47.5,2021-03-15
158,2021-03-17T00:00:17.24Z,/sonometros,NoiseLevelObserved,T248684-daily,62.1,64.1,63.1,60.6,48.4,2021-03-16
159,2021-03-18T00:00:19.503Z,/sonometros,NoiseLevelObserved,T248684-daily,61.4,63.5,62.2,57.8,47.5,2021-03-17
160,2021-03-19T00:00:19.875Z,/sonometros,NoiseLevelObserved,T248684-daily,61.5,63.6,62.5,58.7,48.8,2021-03-18
161,2021-03-20T00:00:22.547Z,/sonometros,NoiseLevelObserved,T248684-daily,60.3,62.3,61.3,59.9,44.8,2021-03-19
162,2021-03-21T00:00:24.237Z,/sonometros,NoiseLevelObserved,T248684-daily,60.0,61.8,61.5,59.5,49.5,2021-03-20
163,2021-03-22T00:00:27.1Z,/sonometros,NoiseLevelObserved,T248684-daily,59.0,60.9,60.3,57.1,48.0,2021-03-21
164,2021-03-23T00:00:31.631Z,/sonometros,NoiseLevelObserved,T248684-daily,59.9,62.0,61.1,57.6,48.3,2021-03-22
165,2021-03-24T00:00:33.19Z,/sonometros,NoiseLevelObserved,T248684-daily,62.3,64.4,63.2,57.9,50.0,2021-03-23
166,2021-03-25T00:00:35.818Z,/sonometros,NoiseLevelObserved,T248684-daily,60.7,62.7,61.9,58.6,49.2,2021-03-24
167,2021-03-26T00:00:36.840Z,/sonometros,NoiseLevelObserved,T248684-daily,59.9,61.9,61.4,58.5,49.3,2021-03-25
168,2021-03-27T00:00:39.334Z,/sonometros,NoiseLevelObserved,T248684-daily,60.1,61.9,61.7,59.5,49.9,2021-03-26
169,2021-03-28T00:00:41.990Z,/sonometros,NoiseLevelObserved,T248684-daily,62.4,64.6,63.1,57.5,48.4,2021-03-27
170,2021-03-29T00:00:43.908Z,/sonometros,NoiseLevelObserved,T248684-daily,59.8,61.6,60.6,57.5,45.9,2021-03-28
171,2021-03-30T00:00:46.337Z,/sonometros,NoiseLevelObserved,T248684-daily,60.2,62.3,61.5,57.9,48.9,2021-03-29
172,2021-03-31T00:01:55.535Z,/sonometros,NoiseLevelObserved,T248684-daily,59.3,61.3,60.5,57.7,47.4,2021-03-30
173,2021-04-01T00:00:51.278Z,/sonometros,NoiseLevelObserved,T248684-daily,59.7,61.6,61.0,58.9,48.1,2021-03-31
174,2021-04-02T00:00:52.948Z,/sonometros,NoiseLevelObserved,T248684-daily,60.1,62.1,61.3,58.8,47.6,2021-04-01
175,2021-04-03T00:00:56.997Z,/sonometros,NoiseLevelObserved,T248684-daily,59.3,61.3,60.1,57.5,44.6,2021-04-02
176,2021-04-04T00:00:59.181Z,/sonometros,NoiseLevelObserved,T248684-daily,60.6,62.7,61.4,56.3,47.4,2021-04-03
177,2021-04-05T00:00:07.969Z,/sonometros,NoiseLevelObserved,T248684-daily,58.6,60.4,60.1,58.6,47.4,2021-04-04
178,2021-04-06T00:00:08.859Z,/sonometros,NoiseLevelObserved,T248684-daily,57.5,59.4,58.8,57.9,43.9,2021-04-05
179,2021-04-07T00:00:08.225Z,/sonometros,NoiseLevelObserved,T248684-daily,59.3,61.3,60.5,57.6,47.2,2021-04-06
180,2021-04-08T00:00:23.904Z,/sonometros,NoiseLevelObserved,T248684-daily,59.7,61.6,60.9,58.8,47.6,2021-04-07
181,2021-04-09T00:00:08.842Z,/sonometros,NoiseLevelObserved,T248684-daily,59.5,61.4,60.8,58.5,48.0,2021-04-08
182,2021-04-10T00:00:19.2Z,/sonometros,NoiseLevelObserved,T248684-daily,60.0,62.0,61.5,58.8,49.4,2021-04-09
183,2021-04-11T00:01:15.922Z,/sonometros,NoiseLevelObserved,T248684-daily,59.9,61.9,61.2,57.6,49.2,2021-04-10
184,2021-04-12T00:00:18.461Z,/sonometros,NoiseLevelObserved,T248684-daily,60.9,63.0,61.8,58.2,47.5,2021-04-11
185,2021-04-13T00:01:23.486Z,/sonometros,NoiseLevelObserved,T248684-daily,61.5,63.6,62.2,59.3,44.5,2021-04-12
186,2021-04-14T00:00:25.254Z,/sonometros,NoiseLevelObserved,T248684-daily,59.8,61.8,61.2,57.6,49.2,2021-04-13
187,2021-04-15T00:00:24.45Z,/sonometros,NoiseLevelObserved,T248684-daily,59.1,61.1,60.3,57.1,47.2,2021-04-14
188,2021-04-16T00:00:25.749Z,/sonometros,NoiseLevelObserved,T248684-daily,60.2,62.2,61.2,57.3,48.0,2021-04-15
189,2021-04-17T00:00:27.253Z,/sonometros,NoiseLevelObserved,T248684-daily,60.5,62.2,62.3,61.5,50.2,2021-04-16
190,2021-04-18T00:00:30.649Z,/sonometros,NoiseLevelObserved,T248684-daily,61.8,63.8,62.8,58.4,49.7,2021-04-17
191,2021-04-19T00:00:32.55Z,/sonometros,NoiseLevelObserved,T248684-daily,58.1,60.0,59.5,57.3,47.1,2021-04-18
192,2021-04-20T04:10:05.158Z,/sonometros,NoiseLevelObserved,T248684-daily,60.5,62.5,61.4,57.0,48.0,2021-04-19
193,2021-04-21T00:00:36.892Z,/sonometros,NoiseLevelObserved,T248684-daily,65.3,67.5,65.6,59.1,46.4,2021-04-20
194,2021-04-22T00:00:40.196Z,/sonometros,NoiseLevelObserved,T248684-daily,59.8,61.6,61.5,58.4,50.6,2021-04-21
195,2021-04-23T00:00:42.5Z,/sonometros,NoiseLevelObserved,T248684-daily,60.3,62.1,62.2,60.5,51.0,2021-04-22
196,2021-04-24T00:00:43.393Z,/sonometros,NoiseLevelObserved,T248684-daily,60.7,62.7,62.0,59.3,49.4,2021-04-23
197,2021-04-25T00:00:45.353Z,/sonometros,NoiseLevelObserved,T248684-daily,62.5,64.6,63.4,58.7,49.6,2021-04-24
198,2021-04-26T00:00:48.237Z,/sonometros,NoiseLevelObserved,T248684-daily,59.3,60.9,61.7,59.2,52.0,2021-04-25
199,2021-04-27T00:00:49.952Z,/sonometros,NoiseLevelObserved,T248684-daily,61.1,62.8,63.5,59.7,54.1,2021-04-26
200,2021-04-28T00:00:16.556Z,/sonometros,NoiseLevelObserved,T248684-daily,60.5,61.9,62.7,63.5,50.6,2021-04-27
201,2021-04-29T00:00:21.618Z,/sonometros,NoiseLevelObserved,T248684-daily,60.3,61.7,62.2,63.5,48.0,2021-04-28
202,2021-04-30T00:00:10.408Z,/sonometros,NoiseLevelObserved,T248684-daily,61.8,63.5,63.3,62.8,50.2,2021-04-29
203,2021-05-01T00:00:10.662Z,/sonometros,NoiseLevelObserved,T248684-daily,62.9,64.6,64.6,65.1,50.1,2021-04-30
204,2021-05-02T00:00:13.222Z,/sonometros,NoiseLevelObserved,T248684-daily,65.2,66.8,66.7,68.1,48.4,2021-05-01
205,2021-05-03T00:00:27.471Z,/sonometros,NoiseLevelObserved,T248684-daily,58.8,60.7,60.4,57.7,48.8,2021-05-02
206,2021-05-04T00:00:21.14Z,/sonometros,NoiseLevelObserved,T248684-daily,61.8,63.8,63.0,60.2,49.7,2021-05-03
207,2021-05-05T00:00:18.753Z,/sonometros,NoiseLevelObserved,T248684-daily,60.8,62.4,62.7,62.9,50.0,2021-05-04
208,2021-05-06T00:00:21.698Z,/sonometros,NoiseLevelObserved,T248684-daily,60.6,62.4,62.4,61.6,50.3,2021-05-05
209,2021-05-07T00:00:22.508Z,/sonometros,NoiseLevelObserved,T248684-daily,61.3,63.0,63.1,62.7,50.9,2021-05-06
210,2021-05-08T00:00:25.35Z,/sonometros,NoiseLevelObserved,T248684-daily,63.0,64.2,65.1,67.1,50.1,2021-05-07
211,2021-05-09T00:00:28.88Z,/sonometros,NoiseLevelObserved,T248684-daily,66.2,68.1,67.1,66.3,49.1,2021-05-08
212,2021-05-10T00:00:31.241Z,/sonometros,NoiseLevelObserved,T248684-daily,59.3,61.0,62.1,58.7,53.1,2021-05-09
213,2021-05-11T00:00:32.956Z,/sonometros,NoiseLevelObserved,T248684-daily,61.3,62.6,63.7,63.9,52.7,2021-05-10
214,2021-05-12T00:00:33.985Z,/sonometros,NoiseLevelObserved,T248684-daily,59.5,60.9,62.1,61.8,51.7,2021-05-11
215,2021-05-13T00:02:38.373Z,/sonometros,NoiseLevelObserved,T248684-daily,60.8,61.5,64.1,65.2,54.1,2021-05-12
216,2021-05-14T00:00:39.698Z,/sonometros,NoiseLevelObserved,T248684-daily,61.9,62.3,66.3,65.9,58.3,2021-05-13
217,2021-05-15T00:00:43.687Z,/sonometros,NoiseLevelObserved,T248684-daily,63.7,64.1,67.7,68.8,58.5,2021-05-14
218,2021-05-16T00:00:45.147Z,/sonometros,NoiseLevelObserved,T248684-daily,65.1,65.0,70.0,70.3,62.0,2021-05-15
219,2021-05-17T00:00:47.815Z,/sonometros,NoiseLevelObserved,T248684-daily,57.8,59.2,61.1,58.6,52.7,2021-05-16
220,2021-05-18T00:00:49.357Z,/sonometros,NoiseLevelObserved,T248684-daily,61.7,63.2,64.1,63.6,53.5,2021-05-17
221,2021-05-19T00:00:51.864Z,/sonometros,NoiseLevelObserved,T248684-daily,60.7,62.0,63.1,63.5,52.0,2021-05-18
222,2021-05-20T00:00:54.62Z,/sonometros,NoiseLevelObserved,T248684-daily,61.7,62.7,64.6,65.7,53.9,2021-05-19
223,2021-05-21T00:00:56.26Z,/sonometros,NoiseLevelObserved,T248684-daily,62.3,62.6,65.8,67.8,55.5,2021-05-20
224,2021-05-22T00:00:58.297Z,/sonometros,NoiseLevelObserved,T248684-daily,64.1,64.0,68.4,69.9,59.3,2021-05-21
225,2021-05-23T00:00:09.857Z,/sonometros,NoiseLevelObserved,T248684-daily,66.1,66.4,70.1,71.3,60.9,2021-05-22
226,2021-05-24T00:00:20.560Z,/sonometros,NoiseLevelObserved,T248684-daily,58.3,59.7,61.1,59.4,52.0,2021-05-23
227,2021-05-25T00:00:07.789Z,/sonometros,NoiseLevelObserved,T248684-daily,60.8,61.7,64.1,64.9,54.2,2021-05-24
228,2021-05-26T00:00:10.899Z,/sonometros,NoiseLevelObserved,T248684-daily,62.4,61.4,66.7,69.6,56.6,2021-05-25
229,2021-05-27T00:00:19.396Z,/sonometros,NoiseLevelObserved,T248684-daily,60.4,61.6,64.4,61.4,56.6,2021-05-26
230,2021-05-28T00:00:14.986Z,/sonometros,NoiseLevelObserved,T248684-daily,63.0,62.9,67.9,68.1,60.0,2021-05-27
231,2021-05-29T00:00:17.909Z,/sonometros,NoiseLevelObserved,T248684-daily,66.6,64.2,74.3,70.0,68.3,2021-05-28
232,2021-05-30T00:00:21.485Z,/sonometros,NoiseLevelObserved,T248684-daily,64.5,64.2,69.8,69.4,62.3,2021-05-29
233,2021-05-31T00:00:20.883Z,/sonometros,NoiseLevelObserved,T248684-daily,58.3,58.6,63.4,60.5,56.5,2021-05-30
234,2021-06-01T00:00:23.573Z,/sonometros,NoiseLevelObserved,T248684-daily,60.6,61.5,64.0,64.0,54.8,2021-05-31
235,2021-06-02T00:00:25.768Z,/sonometros,NoiseLevelObserved,T248684-daily,60.3,61.8,63.4,61.2,54.5,2021-06-01
236,2021-06-03T00:00:28.289Z,/sonometros,NoiseLevelObserved,T248684-daily,61.2,62.1,64.8,64.5,56.0,2021-06-02
237,2021-06-04T00:00:31.95Z,/sonometros,NoiseLevelObserved,T248684-daily,62.1,62.6,66.1,66.5,57.5,2021-06-03
238,2021-06-05T00:00:33.756Z,/sonometros,NoiseLevelObserved,T248684-daily,63.6,63.9,68.1,68.2,59.9,2021-06-04
239,2021-06-06T00:00:35.873Z,/sonometros,NoiseLevelObserved,T248684-daily,65.1,65.4,69.3,70.2,60.6,2021-06-05
240,2021-06-07T00:00:39.444Z,/sonometros,NoiseLevelObserved,T248684-daily,59.3,59.4,65.1,61.1,58.5,2021-06-06
241,2021-06-08T00:00:41.104Z,/sonometros,NoiseLevelObserved,T248684-daily,62.2,62.7,66.6,66.3,58.6,2021-06-07
242,2021-06-09T00:00:43.584Z,/sonometros,NoiseLevelObserved,T248684-daily,62.1,62.6,66.5,66.0,58.5,2021-06-08
243,2021-06-10T00:00:46.631Z,/sonometros,NoiseLevelObserved,T248684-daily,62.3,63.5,65.4,64.7,56.2,2021-06-09
244,2021-06-11T00:00:48.868Z,/sonometros,NoiseLevelObserved,T248684-daily,62.3,62.9,66.2,66.8,57.2,2021-06-10
245,2021-06-12T00:00:51.150Z,/sonometros,NoiseLevelObserved,T248684-daily,64.0,63.8,68.7,69.5,60.4,2021-06-11
246,2021-06-13T00:00:53.830Z,/sonometros,NoiseLevelObserved,T248684-daily,64.6,63.5,70.6,69.8,63.6,2021-06-12
247,2021-06-14T00:00:57.267Z,/sonometros,NoiseLevelObserved,T248684-daily,60.5,59.6,67.8,58.4,62.0,2021-06-13
248,2021-06-15T00:00:01.300Z,/sonometros,NoiseLevelObserved,T248684-daily,60.9,62.1,63.7,64.0,53.6,2021-06-14
249,2021-06-16T00:00:24.716Z,/sonometros,NoiseLevelObserved,T248684-daily,60.9,61.4,65.4,64.4,57.7,2021-06-15
250,2021-06-17T00:00:38.51Z,/sonometros,NoiseLevelObserved,T248684-daily,61.4,62.0,65.1,65.5,56.2,2021-06-16
251,2021-06-18T00:00:16.807Z,/sonometros,NoiseLevelObserved,T248684-daily,62.3,63.0,66.9,64.2,59.6,2021-06-17
252,2021-06-19T00:00:10.290Z,/sonometros,NoiseLevelObserved,T248684-daily,64.7,64.4,70.0,69.6,62.6,2021-06-18
253,2021-06-20T00:00:14.971Z,/sonometros,NoiseLevelObserved,T248684-daily,65.7,65.6,71.7,67.4,65.3,2021-06-19
254,2021-06-21T00:00:44.769Z,/sonometros,NoiseLevelObserved,T248684-daily,60.0,58.8,67.5,59.4,61.7,2021-06-20
255,2021-08-25T00:00:40.417Z,/sonometros,NoiseLevelObserved,T248684-daily,62.4,63.2,66.4,64.8,58.5,2021-08-24
256,2021-08-26T00:01:42.605Z,/sonometros,NoiseLevelObserved,T248684-daily,63.6,64.6,67.3,66.2,59.0,2021-08-25
257,2021-08-27T00:00:46.300Z,/sonometros,NoiseLevelObserved,T248684-daily,61.2,61.8,65.2,65.7,56.4,2021-08-26
258,2021-08-28T00:00:48.709Z,/sonometros,NoiseLevelObserved,T248684-daily,63.1,62.3,68.3,68.9,60.4,2021-08-27
259,2021-08-29T00:01:50.214Z,/sonometros,NoiseLevelObserved,T248684-daily,63.9,62.7,70.1,68.7,63.4,2021-08-28
260,2021-08-30T00:00:53.377Z,/sonometros,NoiseLevelObserved,T248684-daily,63.8,62.9,69.8,68.3,63.0,2021-08-29
261,2021-08-31T00:00:56.682Z,/sonometros,NoiseLevelObserved,T248684-daily,63.6,63.2,68.8,68.7,61.3,2021-08-30
262,2021-09-01T00:00:58.621Z,/sonometros,NoiseLevelObserved,T248684-daily,65.5,64.8,71.0,70.7,63.7,2021-08-31
263,2021-09-02T00:00:02.405Z,/sonometros,NoiseLevelObserved,T248684-daily,68.9,69.4,72.9,73.2,64.2,2021-09-01
264,2021-09-03T00:00:05.492Z,/sonometros,NoiseLevelObserved,T248684-daily,70.0,69.9,75.4,73.7,68.3,2021-09-02
265,2021-09-04T00:00:07.12Z,/sonometros,NoiseLevelObserved,T248684-daily,73.2,71.0,80.1,78.3,73.7,2021-09-03
266,2021-09-05T00:00:15.100Z,/sonometros,NoiseLevelObserved,T248684-daily,75.3,73.9,82.0,79.8,75.5,2021-09-04
267,2021-09-06T00:00:12.889Z,/sonometros,NoiseLevelObserved,T248684-daily,80.3,77.7,86.2,87.7,78.4,2021-09-05
268,2021-09-07T00:00:15.851Z,/sonometros,NoiseLevelObserved,T248684-daily,67.6,62.7,76.8,59.1,71.5,2021-09-06
269,2021-09-08T00:00:19.517Z,/sonometros,NoiseLevelObserved,T248684-daily,63.4,63.5,68.9,66.6,62.0,2021-09-07
270,2021-09-09T00:00:19.802Z,/sonometros,NoiseLevelObserved,T248684-daily,63.7,64.1,68.3,67.1,60.6,2021-09-08
271,2021-09-10T00:00:21.892Z,/sonometros,NoiseLevelObserved,T248684-daily,61.5,62.2,65.7,65.0,57.5,2021-09-09
272,2021-09-11T00:00:24.51Z,/sonometros,NoiseLevelObserved,T248684-daily,65.0,63.8,70.8,70.9,63.5,2021-09-10
273,2021-09-12T00:00:27.89Z,/sonometros,NoiseLevelObserved,T248684-daily,63.8,62.6,69.8,69.5,62.7,2021-09-11
274,2021-09-13T00:00:30.515Z,/sonometros,NoiseLevelObserved,T248684-daily,59.9,59.8,65.9,61.0,59.6,2021-09-12
275,2021-09-14T00:00:31.949Z,/sonometros,NoiseLevelObserved,T248684-daily,61.5,62.8,64.8,63.1,56.2,2021-09-13
276,2021-09-15T00:00:35.349Z,/sonometros,NoiseLevelObserved,T248684-daily,60.6,61.9,63.8,63.0,54.6,2021-09-14
309,2021-09-16T00:00:39.402Z,/sonometros,NoiseLevelObserved,T248684-daily,61.1,62.1,64.6,64.5,55.6,2021-09-15
310,2021-09-17T00:00:40.567Z,/sonometros,NoiseLevelObserved,T248684-daily,62.9,64.0,66.6,65.3,58.3,2021-09-16
311,2021-09-18T00:00:44.224Z,/sonometros,NoiseLevelObserved,T248684-daily,63.5,63.6,68.5,68.0,60.8,2021-09-17
312,2021-09-19T00:00:45.127Z,/sonometros,NoiseLevelObserved,T248684-daily,65.1,63.9,71.2,70.4,64.2,2021-09-18
313,2021-09-20T00:00:49.392Z,/sonometros,NoiseLevelObserved,T248684-daily,60.9,58.6,68.9,62.4,63.1,2021-09-19
314,2021-09-21T00:00:50.489Z,/sonometros,NoiseLevelObserved,T248684-daily,60.9,62.4,64.2,59.9,56.1,2021-09-20
347,2021-09-22T00:00:53.826Z,/sonometros,NoiseLevelObserved,T248684-daily,61.0,61.0,66.1,65.1,58.7,2021-09-21
348,2021-09-23T00:00:56.30Z,/sonometros,NoiseLevelObserved,T248684-daily,65.8,67.5,68.0,64.8,58.3,2021-09-22
349,2021-09-24T00:00:58.462Z,/sonometros,NoiseLevelObserved,T248684-daily,62.7,63.9,66.0,64.9,57.2,2021-09-23
350,2021-09-25T00:00:06.32Z,/sonometros,NoiseLevelObserved,T248684-daily,63.8,63.7,68.5,69.1,60.4,2021-09-24
351,2021-09-26T00:00:04.921Z,/sonometros,NoiseLevelObserved,T248684-daily,65.9,65.0,71.1,72.3,62.9,2021-09-25
352,2021-09-27T00:00:39.497Z,/sonometros,NoiseLevelObserved,T248684-daily,61.6,60.6,68.6,63.6,62.5,2021-09-26
353,2021-09-28T00:00:23.138Z,/sonometros,NoiseLevelObserved,T248684-daily,61.3,62.7,64.4,62.4,55.6,2021-09-27
386,2021-09-29T00:00:11.949Z,/sonometros,NoiseLevelObserved,T248684-daily,62.3,62.9,66.0,67.0,56.7,2021-09-28
387,2021-09-30T00:00:16.44Z,/sonometros,NoiseLevelObserved,T248684-daily,60.8,61.9,64.1,63.4,55.2,2021-09-29
388,2021-10-01T00:00:19.687Z,/sonometros,NoiseLevelObserved,T248684-daily,61.3,62.3,64.7,64.5,55.7,2021-09-30
389,2021-10-02T00:00:20.685Z,/sonometros,NoiseLevelObserved,T248684-daily,64.6,63.8,69.7,70.7,61.7,2021-10-01
390,2021-10-03T00:00:24.170Z,/sonometros,NoiseLevelObserved,T248684-daily,67.4,67.2,72.6,72.2,65.1,2021-10-02
391,2021-10-04T00:00:25.484Z,/sonometros,NoiseLevelObserved,T248684-daily,61.5,59.0,69.5,62.0,63.8,2021-10-03
392,2021-10-05T00:00:26.846Z,/sonometros,NoiseLevelObserved,T248684-daily,60.6,62.2,63.2,61.0,53.7,2021-10-04
393,2021-10-06T00:01:30.177Z,/sonometros,NoiseLevelObserved,T248684-daily,60.9,61.4,64.7,65.6,55.5,2021-10-05
394,2021-10-07T00:00:30.510Z,/sonometros,NoiseLevelObserved,T248684-daily,61.8,62.6,65.3,65.5,56.2,2021-10-06
395,2021-10-08T00:00:32.978Z,/sonometros,NoiseLevelObserved,T248684-daily,61.4,62.2,65.6,64.8,57.4,2021-10-07
396,2021-10-09T00:00:36.342Z,/sonometros,NoiseLevelObserved,T248684-daily,64.8,62.9,71.3,70.4,64.5,2021-10-08
397,2021-10-10T00:00:37.903Z,/sonometros,NoiseLevelObserved,T248684-daily,66.1,64.5,71.9,72.8,64.2,2021-10-09
398,2021-10-11T00:00:40.455Z,/sonometros,NoiseLevelObserved,T248684-daily,61.3,59.7,68.7,63.4,62.7,2021-10-10
399,2021-10-12T00:00:42.975Z,/sonometros,NoiseLevelObserved,T248684-daily,63.7,63.7,68.4,68.7,60.4,2021-10-11
400,2021-10-13T00:00:45.720Z,/sonometros,NoiseLevelObserved,T248684-daily,61.9,61.7,67.6,65.4,60.7,2021-10-12
401,2021-10-14T00:00:48.20Z,/sonometros,NoiseLevelObserved,T248684-daily,60.8,62.1,63.8,62.9,54.5,2021-10-13
434,2021-10-15T00:00:50.367Z,/sonometros,NoiseLevelObserved,T248684-daily,61.6,62.8,64.9,63.7,56.1,2021-10-14
435,2021-10-16T00:00:54.542Z,/sonometros,NoiseLevelObserved,T248684-daily,62.8,62.4,68.1,67.7,60.7,2021-10-15
436,2021-10-17T00:00:55.579Z,/sonometros,NoiseLevelObserved,T248684-daily,64.7,64.4,70.3,68.7,63.4,2021-10-16
437,2021-10-18T00:00:57.842Z,/sonometros,NoiseLevelObserved,T248684-daily,61.8,61.0,68.5,63.8,62.3,2021-10-17
438,2021-10-19T00:00:02.211Z,/sonometros,NoiseLevelObserved,T248684-daily,61.2,62.6,64.3,62.5,55.4,2021-10-18
439,2021-10-20T00:00:03.838Z,/sonometros,NoiseLevelObserved,T248684-daily,60.2,61.5,63.3,62.4,54.0,2021-10-19
440,2021-10-21T00:00:06.412Z,/sonometros,NoiseLevelObserved,T248684-daily,60.8,61.9,64.0,63.6,54.9,2021-10-20
441,2021-10-22T00:00:08.841Z,/sonometros,NoiseLevelObserved,T248684-daily,61.4,62.2,65.2,65.3,56.3,2021-10-21
442,2021-10-23T00:00:11.332Z,/sonometros,NoiseLevelObserved,T248684-daily,66.5,62.9,75.1,65.7,69.6,2021-10-22
443,2021-10-24T00:00:13.905Z,/sonometros,NoiseLevelObserved,T248684-daily,64.0,62.7,70.0,69.6,62.9,2021-10-23
444,2021-10-25T00:00:16.966Z,/sonometros,NoiseLevelObserved,T248684-daily,61.8,61.2,68.8,61.2,62.9,2021-10-24
445,2021-10-26T00:00:20.261Z,/sonometros,NoiseLevelObserved,T248684-daily,60.8,62.4,63.1,61.4,53.0,2021-10-25
446,2021-10-27T00:00:20.97Z,/sonometros,NoiseLevelObserved,T248684-daily,60.5,61.9,63.3,61.7,54.0,2021-10-26
447,2021-10-28T00:01:22.429Z,/sonometros,NoiseLevelObserved,T248684-daily,61.4,62.7,64.1,64.1,53.8,2021-10-27
480,2021-10-29T00:00:24.809Z,/sonometros,NoiseLevelObserved,T248684-daily,63.3,64.8,65.9,64.7,56.0,2021-10-28
481,2021-10-30T00:00:27.346Z,/sonometros,NoiseLevelObserved,T248684-daily,62.8,62.8,67.6,67.2,59.9,2021-10-29
514,2021-10-31T00:00:29.907Z,/sonometros,NoiseLevelObserved,T248684-daily,63.8,62.9,69.6,69.2,62.4,2021-10-30
515,2021-11-01T02:08:33.537Z,/sonometros,NoiseLevelObserved,T248684-daily,61.4,61.0,68.0,63.1,61.5,2021-10-31
548,2021-11-02T09:11:42.330Z,/sonometros,NoiseLevelObserved,T248684-daily,59.4,60.4,63.9,58.9,56.8,2021-11-01
581,2021-11-03T00:00:37.360Z,/sonometros,NoiseLevelObserved,T248684-daily,60.2,62.0,62.0,59.9,50.9,2021-11-02
614,2021-11-04T00:00:39.867Z,/sonometros,NoiseLevelObserved,T248684-daily,60.4,62.2,62.5,60.4,51.8,2021-11-03
647,2021-11-05T00:00:42.79Z,/sonometros,NoiseLevelObserved,T248684-daily,60.4,61.7,63.5,62.2,54.6,2021-11-04
680,2021-11-06T00:00:44.236Z,/sonometros,NoiseLevelObserved,T248684-daily,61.1,61.6,65.5,64.8,57.5,2021-11-05
681,2021-11-07T00:00:46.788Z,/sonometros,NoiseLevelObserved,T248684-daily,63.2,63.6,67.9,66.9,60.2,2021-11-06
682,2021-11-08T00:00:48.835Z,/sonometros,NoiseLevelObserved,T248684-daily,59.3,59.3,65.6,58.7,59.5,2021-11-07
683,2021-11-09T00:00:52.480Z,/sonometros,NoiseLevelObserved,T248684-daily,60.1,61.8,62.2,60.7,51.6,2021-11-08
684,2021-11-10T00:01:55.315Z,/sonometros,NoiseLevelObserved,T248684-daily,61.2,63.0,63.0,60.6,52.0,2021-11-09
717,2021-11-11T00:00:56.395Z,/sonometros,NoiseLevelObserved,T248684-daily,62.7,64.5,64.4,62.6,52.8,2021-11-10
718,2021-11-12T00:00:00.145Z,/sonometros,NoiseLevelObserved,T248684-daily,62.9,64.7,65.2,62.2,55.3,2021-11-11
719,2021-11-13T00:00:02.267Z,/sonometros,NoiseLevelObserved,T248684-daily,64.8,65.9,68.2,67.4,59.3,2021-11-12
720,2021-11-14T00:00:06.9Z,/sonometros,NoiseLevelObserved,T248684-daily,67.1,65.2,72.2,74.8,63.1,2021-11-13
721,2021-11-15T00:00:23.284Z,/sonometros,NoiseLevelObserved,T248684-daily,61.1,60.3,68.3,59.0,62.5,2021-11-14
722,2021-11-16T00:00:16.770Z,/sonometros,NoiseLevelObserved,T248684-daily,64.5,66.6,65.3,61.4,50.6,2021-11-15
723,2021-11-17T00:00:11.539Z,/sonometros,NoiseLevelObserved,T248684-daily,62.8,64.7,64.1,61.0,51.7,2021-11-16
724,2021-11-18T00:00:15.373Z,/sonometros,NoiseLevelObserved,T248684-daily,62.5,64.4,64.3,62.1,52.8,2021-11-17
725,2021-11-19T00:00:16.103Z,/sonometros,NoiseLevelObserved,T248684-daily,62.3,63.5,65.2,64.8,55.6,2021-11-18
726,2021-11-20T00:01:18.202Z,/sonometros,NoiseLevelObserved,T248684-daily,63.5,64.1,67.4,68.1,58.3,2021-11-19
727,2021-11-21T00:00:21.92Z,/sonometros,NoiseLevelObserved,T248684-daily,64.5,65.1,69.3,66.6,62.1,2021-11-20
728,2021-11-22T00:00:22.704Z,/sonometros,NoiseLevelObserved,T248684-daily,60.9,60.4,67.7,61.3,61.6,2021-11-21
729,2021-11-23T00:00:24.691Z,/sonometros,NoiseLevelObserved,T248684-daily,61.2,62.7,63.4,63.8,51.5,2021-11-22
730,2021-11-24T00:00:26.486Z,/sonometros,NoiseLevelObserved,T248684-daily,59.9,61.5,62.7,59.4,53.9,2021-11-23
763,2021-11-25T00:00:28.523Z,/sonometros,NoiseLevelObserved,T248684-daily,61.1,62.8,63.1,61.9,52.0,2021-11-24
764,2021-11-26T00:00:30.738Z,/sonometros,NoiseLevelObserved,T248684-daily,60.5,62.1,62.8,61.0,52.8,2021-11-25
765,2021-11-27T00:00:00.496Z,/sonometros,NoiseLevelObserved,T248684-daily,62.1,63.2,65.8,63.8,57.6,2021-11-26
766,2021-11-28T00:00:35.157Z,/sonometros,NoiseLevelObserved,T248684-daily,63.9,63.2,69.2,69.7,61.4,2021-11-27
767,2021-11-29T00:00:37.415Z,/sonometros,NoiseLevelObserved,T248684-daily,58.7,57.9,65.8,58.2,59.9,2021-11-28
768,2021-11-30T00:00:39.600Z,/sonometros,NoiseLevelObserved,T248684-daily,60.6,62.4,62.3,60.0,51.1,2021-11-29
769,2021-12-01T00:00:41.984Z,/sonometros,NoiseLevelObserved,T248684-daily,61.0,62.2,64.0,64.2,54.1,2021-11-30
770,2021-12-02T00:00:44.342Z,/sonometros,NoiseLevelObserved,T248684-daily,60.7,62.1,63.5,62.7,53.9,2021-12-01
771,2021-12-03T00:00:46.705Z,/sonometros,NoiseLevelObserved,T248684-daily,62.8,63.8,65.4,67.5,52.7,2021-12-02
772,2021-12-04T00:00:48.742Z,/sonometros,NoiseLevelObserved,T248684-daily,62.1,62.4,66.6,65.9,58.9,2021-12-03
773,2021-12-05T00:00:51.81Z,/sonometros,NoiseLevelObserved,T248684-daily,66.1,67.0,69.8,68.6,61.5,2021-12-04
774,2021-12-06T00:00:53.752Z,/sonometros,NoiseLevelObserved,T248684-daily,61.1,60.7,67.2,63.7,60.8,2021-12-05
775,2021-12-07T00:00:55.739Z,/sonometros,NoiseLevelObserved,T248684-daily,60.0,60.8,64.0,62.7,56.0,2021-12-06
776,2021-12-08T00:00:57.969Z,/sonometros,NoiseLevelObserved,T248684-daily,61.0,62.2,64.5,63.0,56.1,2021-12-07
777,2021-12-09T00:00:01.680Z,/sonometros,NoiseLevelObserved,T248684-daily,59.5,60.5,63.6,61.1,55.9,2021-12-08
778,2021-12-10T00:00:03.532Z,/sonometros,NoiseLevelObserved,T248684-daily,59.9,61.5,62.2,60.2,52.3,2021-12-09
779,2021-12-11T00:00:06.295Z,/sonometros,NoiseLevelObserved,T248684-daily,62.3,63.4,65.4,66.0,55.5,2021-12-10
780,2021-12-12T00:00:08.576Z,/sonometros,NoiseLevelObserved,T248684-daily,63.6,63.9,68.5,67.4,61.0,2021-12-11
781,2021-12-13T00:00:10.956Z,/sonometros,NoiseLevelObserved,T248684-daily,60.5,60.5,66.8,59.9,60.7,2021-12-12
814,2021-12-14T00:00:13.388Z,/sonometros,NoiseLevelObserved,T248684-daily,61.2,62.8,63.3,61.8,52.8,2021-12-13
815,2021-12-15T00:00:16.280Z,/sonometros,NoiseLevelObserved,T248684-daily,60.8,62.3,63.2,61.7,53.3,2021-12-14
816,2021-12-16T00:00:17.896Z,/sonometros,NoiseLevelObserved,T248684-daily,61.7,63.1,64.2,63.7,54.0,2021-12-15
817,2021-12-17T00:00:19.591Z,/sonometros,NoiseLevelObserved,T248684-daily,61.7,63.3,64.0,63.0,53.4,2021-12-16
818,2021-12-18T00:00:20.857Z,/sonometros,NoiseLevelObserved,T248684-daily,63.9,64.9,67.3,67.0,58.3,2021-12-17
819,2021-12-19T00:00:23.557Z,/sonometros,NoiseLevelObserved,T248684-daily,65.7,66.6,69.7,68.7,61.5,2021-12-18
820,2021-12-20T00:00:25.535Z,/sonometros,NoiseLevelObserved,T248684-daily,61.0,59.9,67.8,63.8,61.6,2021-12-19
821,2021-12-21T00:00:27.769Z,/sonometros,NoiseLevelObserved,T248684-daily,61.1,62.7,63.7,61.3,54.3,2021-12-20
822,2021-12-22T00:00:30.240Z,/sonometros,NoiseLevelObserved,T248684-daily,61.3,62.7,64.1,62.7,54.7,2021-12-21
823,2021-12-23T00:00:32.318Z,/sonometros,NoiseLevelObserved,T248684-daily,62.0,63.6,64.6,62.5,55.2,2021-12-22
824,2021-12-24T00:00:34.581Z,/sonometros,NoiseLevelObserved,T248684-daily,62.6,63.5,66.2,66.3,57.2,2021-12-23
825,2021-12-25T00:00:36.929Z,/sonometros,NoiseLevelObserved,T248684-daily,60.6,62.1,64.3,52.6,57.0,2021-12-24
826,2021-12-26T00:00:39.293Z,/sonometros,NoiseLevelObserved,T248684-daily,57.2,57.6,62.0,60.6,54.6,2021-12-25
827,2021-12-27T00:00:41.571Z,/sonometros,NoiseLevelObserved,T248684-daily,59.7,60.8,63.2,62.5,54.5,2021-12-26
828,2021-12-28T00:00:44.28Z,/sonometros,NoiseLevelObserved,T248684-daily,62.2,63.4,64.8,65.4,53.9,2021-12-27
829,2021-12-29T00:00:48.420Z,/sonometros,NoiseLevelObserved,T248684-daily,61.5,62.5,64.9,64.1,56.1,2021-12-28
830,2021-12-30T00:00:49.38Z,/sonometros,NoiseLevelObserved,T248684-daily,60.5,61.4,64.0,64.5,54.5,2021-12-29
831,2022-01-05T17:38:11.169Z,/sonometros,NoiseLevelObserved,T248684-daily,62.3,63.7,64.5,64.8,53.0,2022-01-04
832,2022-01-06T00:00:07.42Z,/sonometros,NoiseLevelObserved,T248684-daily,61.4,62.9,64.2,63.1,54.6,2022-01-05
833,2022-01-07T00:00:10.289Z,/sonometros,NoiseLevelObserved,T248684-daily,59.3,59.5,63.2,64.6,53.9,2022-01-06
834,2022-01-08T00:00:12.740Z,/sonometros,NoiseLevelObserved,T248684-daily,63.2,64.8,65.8,63.3,56.6,2022-01-07
835,2022-01-09T00:01:14.669Z,/sonometros,NoiseLevelObserved,T248684-daily,63.1,64.3,66.8,64.9,58.5,2022-01-08
836,2022-01-10T00:00:23.174Z,/sonometros,NoiseLevelObserved,T248684-daily,60.1,61.5,63.7,58.5,56.1,2022-01-09
837,2022-01-11T00:00:24.189Z,/sonometros,NoiseLevelObserved,T248684-daily,63.7,65.7,65.4,59.2,55.0,2022-01-10
838,2022-01-12T00:00:20.397Z,/sonometros,NoiseLevelObserved,T248684-daily,60.1,61.7,62.6,61.0,52.6,2022-01-11
839,2022-01-13T00:01:21.233Z,/sonometros,NoiseLevelObserved,T248684-daily,62.0,63.9,63.7,60.8,52.4,2022-01-12
840,2022-01-14T00:00:23.788Z,/sonometros,NoiseLevelObserved,T248684-daily,62.2,63.3,65.0,66.1,53.9,2022-01-13
841,2022-01-15T00:00:25.142Z,/sonometros,NoiseLevelObserved,T248684-daily,61.5,62.6,64.8,64.2,55.9,2022-01-14
842,2022-01-16T00:00:28.999Z,/sonometros,NoiseLevelObserved,T248684-daily,62.7,62.1,68.3,67.6,61.1,2022-01-15
843,2022-01-17T00:00:29.735Z,/sonometros,NoiseLevelObserved,T248684-daily,59.0,58.9,65.5,58.4,59.4,2022-01-16
844,2022-01-18T00:00:32.801Z,/sonometros,NoiseLevelObserved,T248684-daily,59.5,60.6,63.7,58.7,56.4,2022-01-17
845,2022-01-19T00:00:33.783Z,/sonometros,NoiseLevelObserved,T248684-daily,59.2,60.8,61.6,60.0,51.6,2022-01-18
846,2022-01-20T00:00:36.290Z,/sonometros,NoiseLevelObserved,T248684-daily,60.0,61.3,63.6,61.4,55.4,2022-01-19
847,2022-01-21T00:00:47.414Z,/sonometros,NoiseLevelObserved,T248684-daily,60.4,61.7,62.9,62.7,52.7,2022-01-20
848,2022-01-22T00:00:42.5Z,/sonometros,NoiseLevelObserved,T248684-daily,62.6,62.9,67.6,66.1,60.3,2022-01-21
849,2022-01-23T00:00:42.856Z,/sonometros,NoiseLevelObserved,T248684-daily,64.5,64.9,68.9,68.8,60.7,2022-01-22
850,2022-01-24T00:00:46.560Z,/sonometros,NoiseLevelObserved,T248684-daily,59.3,59.2,65.6,59.7,59.4,2022-01-23
851,2022-01-25T00:00:46.997Z,/sonometros,NoiseLevelObserved,T248684-daily,60.8,62.6,62.6,59.7,51.9,2022-01-24
852,2022-01-26T00:00:49.589Z,/sonometros,NoiseLevelObserved,T248684-daily,61.0,61.9,64.7,64.7,55.8,2022-01-25
853,2022-01-27T00:00:51.320Z,/sonometros,NoiseLevelObserved,T248684-daily,60.6,62.1,63.1,62.0,53.1,2022-01-26
886,2022-01-28T00:00:53.592Z,/sonometros,NoiseLevelObserved,T248684-daily,60.7,61.3,64.2,65.4,54.6,2022-01-27
887,2022-01-29T00:00:56.57Z,/sonometros,NoiseLevelObserved,T248684-daily,62.7,62.7,66.9,68.7,57.5,2022-01-28
888,2022-01-30T00:00:58.672Z,/sonometros,NoiseLevelObserved,T248684-daily,64.6,65.0,69.5,68.0,62.1,2022-01-29
889,2022-01-31T00:00:05.367Z,/sonometros,NoiseLevelObserved,T248684-daily,60.6,58.6,68.7,58.3,63.1,2022-01-30
890,2022-02-01T00:00:05.75Z,/sonometros,NoiseLevelObserved,T248684-daily,60.5,62.2,62.4,60.9,51.2,2022-01-31
891,2022-02-02T00:00:06.174Z,/sonometros,NoiseLevelObserved,T248684-daily,59.2,60.9,61.3,59.5,50.7,2022-02-01
892,2022-02-03T00:00:08.834Z,/sonometros,NoiseLevelObserved,T248684-daily,63.4,65.3,64.8,61.5,53.1,2022-02-02
893,2022-02-04T00:00:11.543Z,/sonometros,NoiseLevelObserved,T248684-daily,61.0,61.8,64.4,64.9,55.0,2022-02-03
894,2022-02-05T00:00:15.411Z,/sonometros,NoiseLevelObserved,T248684-daily,62.9,63.2,67.6,67.0,59.9,2022-02-04
895,2022-02-06T00:01:14.983Z,/sonometros,NoiseLevelObserved,T248684-daily,65.2,65.4,70.2,68.9,62.9,2022-02-05
896,2022-02-07T00:00:18.603Z,/sonometros,NoiseLevelObserved,T248684-daily,59.4,59.7,65.2,59.1,58.9,2022-02-06
897,2022-02-08T00:01:18.666Z,/sonometros,NoiseLevelObserved,T248684-daily,61.0,62.6,62.9,62.0,51.6,2022-02-07
898,2022-02-09T00:00:20.850Z,/sonometros,NoiseLevelObserved,T248684-daily,60.0,61.4,62.6,62.9,51.6,2022-02-08
899,2022-02-10T00:01:28.648Z,/sonometros,NoiseLevelObserved,T248684-daily,62.1,63.9,64.0,62.6,52.5,2022-02-09
900,2022-02-11T00:00:25.502Z,/sonometros,NoiseLevelObserved,T248684-daily,60.4,61.8,62.8,62.6,52.2,2022-02-10
901,2022-02-12T00:00:27.532Z,/sonometros,NoiseLevelObserved,T248684-daily,63.1,63.5,67.1,68.3,57.9,2022-02-11
902,2022-02-13T00:00:29.850Z,/sonometros,NoiseLevelObserved,T248684-daily,66.4,67.7,69.3,68.5,59.9,2022-02-12
903,2022-02-14T00:00:32.58Z,/sonometros,NoiseLevelObserved,T248684-daily,60.9,61.2,66.9,58.8,60.7,2022-02-13
904,2022-02-15T00:00:34.787Z,/sonometros,NoiseLevelObserved,T248684-daily,59.9,61.4,62.4,61.1,52.4,2022-02-14
905,2022-02-16T00:00:36.729Z,/sonometros,NoiseLevelObserved,T248684-daily,59.8,61.6,61.9,59.3,51.6,2022-02-15
906,2022-02-17T00:00:42.224Z,/sonometros,NoiseLevelObserved,T248684-daily,60.5,61.4,64.1,64.2,55.1,2022-02-16
907,2022-02-18T00:00:54.772Z,/sonometros,NoiseLevelObserved,T248684-daily,61.5,62.5,65.2,64.6,56.6,2022-02-17
908,2022-02-19T00:00:48.669Z,/sonometros,NoiseLevelObserved,T248684-daily,63.7,63.6,68.2,69.4,59.6,2022-02-18
909,2022-02-20T00:00:46.156Z,/sonometros,NoiseLevelObserved,T248684-daily,65.3,66.1,69.7,67.9,62.0,2022-02-19
910,2022-02-21T00:00:48.439Z,/sonometros,NoiseLevelObserved,T248684-daily,60.1,60.3,66.1,60.0,59.8,2022-02-20
911,2022-02-22T00:00:50.702Z,/sonometros,NoiseLevelObserved,T248684-daily,64.9,67.0,65.8,60.5,52.2,2022-02-21
912,2022-02-23T00:00:54.233Z,/sonometros,NoiseLevelObserved,T248684-daily,61.4,62.9,64.1,62.7,54.6,2022-02-22
913,2022-02-24T00:00:55.276Z,/sonometros,NoiseLevelObserved,T248684-daily,61.9,63.2,64.8,64.1,55.4,2022-02-23
914,2022-02-25T00:00:57.640Z,/sonometros,NoiseLevelObserved,T248684-daily,62.6,63.7,65.7,65.9,56.1,2022-02-24
915,2022-02-26T00:00:01.343Z,/sonometros,NoiseLevelObserved,T248684-daily,63.8,64.6,67.7,66.6,59.5,2022-02-25
916,2022-02-27T00:01:03.315Z,/sonometros,NoiseLevelObserved,T248684-daily,65.0,65.3,69.9,68.0,62.7,2022-02-26
917,2022-02-28T00:00:05.689Z,/sonometros,NoiseLevelObserved,T248684-daily,62.3,62.9,67.8,60.3,61.4,2022-02-27
918,2022-03-01T00:25:12.152Z,/sonometros,NoiseLevelObserved,T248684-daily,60.2,61.7,62.5,61.3,52.2,2022-02-28
919,2022-03-02T00:00:10.334Z,/sonometros,NoiseLevelObserved,T248684-daily,60.9,62.3,64.0,62.3,55.0,2022-03-01
920,2022-03-03T00:00:12.986Z,/sonometros,NoiseLevelObserved,T248684-daily,61.3,62.6,64.0,64.1,53.6,2022-03-02
921,2022-03-04T00:00:15.550Z,/sonometros,NoiseLevelObserved,T248684-daily,62.7,63.4,65.8,67.6,55.0,2022-03-03
922,2022-03-05T00:00:18.236Z,/sonometros,NoiseLevelObserved,T248684-daily,66.7,66.7,72.0,70.4,64.9,2022-03-04
923,2022-03-06T00:00:19.516Z,/sonometros,NoiseLevelObserved,T248684-daily,69.2,69.9,73.1,72.9,64.6,2022-03-05
924,2022-03-07T00:00:23.179Z,/sonometros,NoiseLevelObserved,T248684-daily,68.7,67.7,76.2,62.3,70.5,2022-03-06
957,2022-03-08T00:00:22.588Z,/sonometros,NoiseLevelObserved,T248684-daily,64.5,66.3,66.0,64.7,53.2,2022-03-07
958,2022-03-09T00:00:24.972Z,/sonometros,NoiseLevelObserved,T248684-daily,68.7,70.6,70.1,68.3,57.3,2022-03-08
959,2022-03-10T00:00:27.203Z,/sonometros,NoiseLevelObserved,T248684-daily,62.3,64.0,64.3,62.4,53.5,2022-03-09
960,2022-03-11T00:00:30.307Z,/sonometros,NoiseLevelObserved,T248684-daily,65.8,66.8,68.9,69.4,59.1,2022-03-10
961,2022-03-12T00:00:31.680Z,/sonometros,NoiseLevelObserved,T248684-daily,74.2,74.2,78.6,79.9,69.7,2022-03-11
962,2022-03-13T00:00:35.761Z,/sonometros,NoiseLevelObserved,T248684-daily,75.0,74.7,80.6,79.2,73.5,2022-03-12
963,2022-03-14T00:00:37.182Z,/sonometros,NoiseLevelObserved,T248684-daily,75.3,74.4,81.4,79.6,74.7,2022-03-13
964,2022-03-15T00:00:42.924Z,/sonometros,NoiseLevelObserved,T248684-daily,71.2,71.7,75.9,74.2,68.5,2022-03-14
965,2022-03-16T00:00:56.425Z,/sonometros,NoiseLevelObserved,T248684-daily,73.5,73.9,78.6,76.0,71.6,2022-03-15
966,2022-03-17T00:00:43.407Z,/sonometros,NoiseLevelObserved,T248684-daily,76.1,75.5,81.8,80.6,74.8,2022-03-16
967,2022-03-18T00:00:52.456Z,/sonometros,NoiseLevelObserved,T248684-daily,74.6,72.0,81.6,80.1,75.2,2022-03-17
968,2022-03-19T00:00:48.636Z,/sonometros,NoiseLevelObserved,T248684-daily,79.0,78.7,85.6,78.2,79.6,2022-03-18
969,2022-03-20T00:00:50.846Z,/sonometros,NoiseLevelObserved,T248684-daily,81.3,79.0,87.5,88.2,80.1,2022-03-19
970,2022-03-21T00:00:53.565Z,/sonometros,NoiseLevelObserved,T248684-daily,73.0,64.3,82.7,59.3,77.4,2022-03-20
971,2022-03-22T00:00:54.772Z,/sonometros,NoiseLevelObserved,T248684-daily,62.0,63.7,64.7,60.5,55.8,2022-03-21
972,2022-03-23T00:00:56.977Z,/sonometros,NoiseLevelObserved,T248684-daily,62.2,63.4,65.8,63.1,57.8,2022-03-22
973,2022-03-24T00:00:00.319Z,/sonometros,NoiseLevelObserved,T248684-daily,61.4,63.3,63.3,60.6,52.5,2022-03-23
974,2022-03-25T00:00:02.633Z,/sonometros,NoiseLevelObserved,T248684-daily,61.9,63.3,64.9,63.5,55.7,2022-03-24
975,2022-03-26T00:00:04.967Z,/sonometros,NoiseLevelObserved,T248684-daily,62.4,63.2,66.3,66.4,57.5,2022-03-25
976,2022-03-27T00:00:08.950Z,/sonometros,NoiseLevelObserved,T248684-daily,63.6,63.0,69.0,68.9,61.5,2022-03-26
977,2022-03-28T00:00:10.139Z,/sonometros,NoiseLevelObserved,T248684-daily,61.5,60.5,68.6,60.2,63.1,2022-03-27
978,2022-03-29T00:00:13.958Z,/sonometros,NoiseLevelObserved,T248684-daily,60.3,61.5,62.9,63.1,52.6,2022-03-28
979,2022-03-30T00:00:15.625Z,/sonometros,NoiseLevelObserved,T248684-daily,59.8,61.4,62.4,61.0,52.6,2022-03-29
980,2022-03-31T00:00:16.348Z,/sonometros,NoiseLevelObserved,T248684-daily,60.7,61.4,64.3,64.9,55.1,2022-03-30
981,2022-04-01T00:01:19.573Z,/sonometros,NoiseLevelObserved,T248684-daily,60.7,61.9,64.3,61.9,56.1,2022-03-31
982,2022-04-02T00:00:20.888Z,/sonometros,NoiseLevelObserved,T248684-daily,62.1,62.3,66.2,67.8,56.9,2022-04-01
983,2022-04-03T00:00:22.133Z,/sonometros,NoiseLevelObserved,T248684-daily,64.2,64.5,68.6,68.7,60.3,2022-04-02
984,2022-04-04T00:00:26.31Z,/sonometros,NoiseLevelObserved,T248684-daily,58.8,58.9,64.8,59.3,58.5,2022-04-03
985,2022-04-05T00:00:27.0Z,/sonometros,NoiseLevelObserved,T248684-daily,59.0,60.6,61.5,60.0,51.7,2022-04-04
986,2022-04-06T00:00:28.654Z,/sonometros,NoiseLevelObserved,T248684-daily,60.7,62.6,62.8,59.4,52.7,2022-04-05
987,2022-04-07T00:00:32.859Z,/sonometros,NoiseLevelObserved,T248684-daily,62.0,63.7,64.0,62.6,53.2,2022-04-06
988,2022-04-08T00:00:34.964Z,/sonometros,NoiseLevelObserved,T248684-daily,60.8,61.9,63.9,64.2,54.1,2022-04-07
989,2022-04-09T00:00:37.163Z,/sonometros,NoiseLevelObserved,T248684-daily,64.7,64.2,69.3,71.0,60.4,2022-04-08
990,2022-04-10T00:00:38.528Z,/sonometros,NoiseLevelObserved,T248684-daily,67.4,67.3,72.2,72.7,64.1,2022-04-09
991,2022-04-11T00:00:48.904Z,/sonometros,NoiseLevelObserved,T248684-daily,61.9,62.0,68.2,60.6,62.1,2022-04-10
992,2022-04-12T00:00:50.275Z,/sonometros,NoiseLevelObserved,T248684-daily,60.7,62.0,63.7,62.6,54.5,2022-04-11
993,2022-04-13T00:00:45.273Z,/sonometros,NoiseLevelObserved,T248684-daily,61.3,62.6,64.0,63.2,54.3,2022-04-12
994,2022-04-14T00:00:47.584Z,/sonometros,NoiseLevelObserved,T248684-daily,62.4,63.4,66.0,65.0,57.4,2022-04-13
995,2022-04-15T00:00:51.806Z,/sonometros,NoiseLevelObserved,T248684-daily,61.5,61.8,66.2,65.1,58.6,2022-04-14
996,2022-04-16T00:00:53.50Z,/sonometros,NoiseLevelObserved,T248684-daily,60.4,60.2,65.6,65.2,58.1,2022-04-15
997,2022-04-17T00:00:55.158Z,/sonometros,NoiseLevelObserved,T248684-daily,61.9,60.8,67.6,67.7,60.2,2022-04-16
998,2022-04-18T00:00:57.425Z,/sonometros,NoiseLevelObserved,T248684-daily,60.7,58.9,67.5,65.5,61.1,2022-04-17
999,2022-04-19T00:00:04.330Z,/sonometros,NoiseLevelObserved,T248684-daily,59.6,60.9,62.0,62.9,50.3,2022-04-18
1000,2022-04-20T00:00:04.131Z,/sonometros,NoiseLevelObserved,T248684-daily,59.9,61.3,62.6,61.0,53.2,2022-04-19
1001,2022-04-21T00:00:05.911Z,/sonometros,NoiseLevelObserved,T248684-daily,61.3,63.2,62.9,59.5,51.6,2022-04-20
